Group,MAE,MAE_low,MAE_high,RMSE,Bias,Bias_low,Bias_high,Effects,Display_label
Report-079,0.5752730673452907,0.5549149096689209,0.6234931812673371,0.5752730673452907,0.5752730673452907,0.5549149096689209,0.6234931812673371,1,"Xu, 2023"
PSKC,0.3224460284354208,0.3047776039521762,0.33629857348686465,0.3367437270890337,-0.3224460284354208,-0.33629857348686465,-0.3047776039521762,4,PSKC (2 reports)
Report-087,0.31141360022783054,0.3033107391837254,0.3202200000768918,0.37369585264806443,-0.13591477315982387,-0.16424401394970375,-0.11017968352154033,27,"Luo, 2021"
Report-060,0.25861696600189943,0.21906682649470283,0.28196186317357164,0.260777816171876,-0.25861696600189943,-0.28196186317357164,-0.21906682649470285,2,"Heyi Zhang, NR"
Report-139,0.21373625122623552,0.1873422942200229,0.236933610765921,0.21373625122623552,0.21373625122623552,0.1873422942200229,0.236933610765921,1,"Li H, 2021"
Report-026,0.20428038293477005,0.1609022187434309,0.24891956084652836,0.2558920034562491,-0.20428038293477005,-0.24891956084652836,-0.1609022187434309,2,"Hu, 2020"
Report-148,0.20260204412227245,0.1729911203503023,0.2323104764139278,0.20354780653808685,0.20260204412227245,0.1729911203503023,0.2323104764139278,2,"Rai J, 2023"
ABCD,0.1958732186910943,0.162901947186901,0.21568199301102559,0.20089640315742577,-0.1958732186910943,-0.21568199301102559,-0.162901947186901,19,ABCD (2 reports)
Report-033,0.17931238387500487,0.1299980010564946,0.21485403623155377,0.21229798972672503,-0.17871991204875654,-0.21485403623155377,-0.12733187783837713,14,"Baumgartner, 2014"
Report-125,0.16111455246970258,0.1308985249744404,0.22681351568511238,0.17220233728405054,0.16111455246970258,0.1308985249744404,0.22681351568511238,2,"Cain MS, 2016"
Report-036,0.15414554307400824,0.11052065637173475,0.2553335351897595,0.1653571708946225,0.04701551102034448,-0.2301058827946981,0.1415908263123448,2,"Barr, 2010"
Report-072,0.15391380978998387,0.14151411516608967,0.16352161801251386,0.16148673660734672,-0.15391380978998387,-0.16352161801251386,-0.14151411516608967,28,"Lakicevic N, 2025"
Report-077,0.14595305844590062,0.13889237139348143,0.15353597998562973,0.14595305844590062,0.14595305844590062,0.13889237139348143,0.15353597998562973,1,"Kouhbanani, 2023"
PACE,0.14244165654679644,0.12627684703479047,0.1643047990853921,0.1615912734268076,-0.14216597838929365,-0.1643047990853921,-0.12503629532602795,8,"PACE, 2022"
Report-107,0.11248286606967359,0.10687044944335472,0.12051924962753746,0.12231981653063666,-0.08186348458576324,-0.10272603951097221,-0.06414071526124189,3,"Li H, 2020"
Report-006,0.10408544877458312,0.09040176406720077,0.12069705440056686,0.13129801369560617,0.005613510653660004,-0.018257414465490972,0.03282922741665889,11,"Portugal, 2023"
Report-034,0.10093623610431708,0.041082274815790375,0.21524939684713876,0.11140430707557314,-0.10093623610431708,-0.21524939684713879,-0.04108227481579038,7,"Nathanson, 2014"
Report-020,0.09736308375455405,0.0837278512892436,0.10780297342027723,0.09736308375455405,-0.09736308375455405,-0.10780297342027723,-0.0837278512892436,1,"Stucke, 2022"
Report-032,0.08795954769938188,0.057597637818192424,0.13995226077149808,0.09368330725525678,-0.08795954769938188,-0.13995226077149808,-0.057597637818192424,2,"Blankson, 2015"
Report-089,0.08788743157528119,0.03312080513852829,0.20139436585770643,0.08788743157528119,0.07476018649741947,-0.02595179771184943,0.20139436585770643,1,"Qu, 2025"
Report-016,0.07974882879284736,0.006686055914249578,0.2954436896917525,0.07974882879284736,-0.05181142338347816,-0.29080941606389465,0.048424931043235524,1,"Horowitz-Kraus T, 2024"
Report-150,0.07202318390980869,0.00047367771551969366,0.25372450049181755,0.07202318390980869,-0.05507061139780437,-0.2532757321059038,0.03811699940145209,1,"Yang J, 2026"
Report-017,0.06608190724493637,0.02111690164154955,0.14766128412449475,0.06905868493496028,0.06342841327794056,0.009176178790068445,0.14766128412449475,2,"Rogobete, 2021"
Report-005,0.0650340323323845,0.05497183169467618,0.09284380525947586,0.07150907106153696,0.03561373778894704,0.018273198469519178,0.0893104966402094,5,"Rogobete, 2025"
Report-004,0.043212110091255876,0.042088969413801795,0.04582166817149006,0.053568168127294744,0.03125965933467088,0.012874026531200117,0.04548568260572575,2,"Merin, 2026"
All Our Families,0.03919805660306565,0.03371952418253756,0.04326971152615109,0.04628245387563044,-0.018516000120157326,-0.03227957373615167,-0.0008217135768986046,5,"All Our Families, 2020"
Report-040,0.03680662957004212,0.01204291162302587,0.06231257646616036,0.038192225293014324,0.03386342657447278,-0.0012015018570361523,0.06231257646616036,2,"Frenkel, 2026"
Report-010,0.03678199059480182,0.0204520972693447,0.0502338100583341,0.03678199059480182,-0.03678199059480182,-0.0502338100583341,-0.020452097269344702,1,"Harmon, 2024"
Report-013,0.029523624866905664,0.02403949716695471,0.033796684157169715,0.03488969695920089,-0.00413395338713838,-0.023073624365798334,0.015151272245512033,3,"Meng, 2024"
Report-144,0.018857111723104798,0.0005977508199369874,0.03933786827889402,0.018857111723104798,-0.0026887167035892167,-0.03193352681508695,0.03603587796443067,1,"Mortimer A, 2024"
Report-080,0.015493833742435376,0.004892396259578102,0.03279930552133469,0.015493833742435376,0.015493833742435376,0.004892396259578102,0.03279930552133469,1,"Cui, 2024"
Report-047,0.008879706127631897,0.0027042911956467407,0.01624042732934102,0.008879706127631897,-0.006432618102586979,-0.01624042732934102,0.0034134288669655567,1,"Zhang Z, 2021"
