Repeat,Group,MAE,RMSE,Mean_bias,Effects
1,ABCD,0.15388539765884346,0.16045474587950892,-0.15388539765884346,19
1,All Our Families,0.03437529802836502,0.03935080273507728,0.00611967204978194,5
1,PACE,0.1369973388240706,0.15788836874851578,-0.1369973388240706,8
1,PSKC,0.33527026971325713,0.35732754154500235,-0.33527026971325713,4
1,Report-004,0.041777496475946585,0.04699693522906772,0.021525629122686685,2
1,Report-005,0.05389622140322481,0.057333003316769264,0.015479945075649476,5
1,Report-006,0.10783938760487626,0.13104573282277232,0.01195380551893811,11
1,Report-010,0.021664271474222396,0.021664271474222396,-0.021664271474222396,1
1,Report-013,0.02850368451745991,0.030093677466364835,-0.003019526540970402,3
1,Report-016,0.3231285522430714,0.3231285522430714,-0.3231285522430714,1
1,Report-017,0.0443720593533269,0.04876281860699271,0.0443720593533269,2
1,Report-020,0.0803298066710816,0.0803298066710816,-0.0803298066710816,1
1,Report-026,0.24843572045471518,0.2947186153875357,-0.24843572045471518,2
1,Report-032,0.06796172001331985,0.07461469573775735,-0.06796172001331985,2
1,Report-033,0.1244287222452598,0.15179592700132158,-0.12082756752022843,14
1,Report-034,0.2263623461590266,0.23000719304328615,-0.2263623461590266,7
1,Report-036,0.27750749334087005,0.2807397984919303,-0.27750749334087005,2
1,Report-040,0.04561287671847067,0.046918069369059866,0.04561287671847067,2
1,Report-047,0.010581959216726805,0.010581959216726805,0.010581959216726805,1
1,Report-060,0.2354096631972311,0.23743721335290588,-0.2354096631972311,2
1,Report-072,0.1698460820120417,0.17684098173895438,-0.1698460820120417,28
1,Report-077,0.14428106212627728,0.14428106212627728,0.14428106212627728,1
1,Report-079,0.5535698061455496,0.5535698061455496,0.5535698061455496,1
1,Report-080,0.022091682283648884,0.022091682283648884,0.022091682283648884,1
1,Report-087,0.3043151974799843,0.3638820763725893,-0.10851835108656888,27
1,Report-089,0.0715513166246429,0.0715513166246429,0.0715513166246429,1
1,Report-107,0.10351812388548147,0.10544151471492225,-0.05340721239602746,3
1,Report-125,0.2391722211308687,0.24592612828426091,0.2391722211308687,2
1,Report-139,0.2034606840059513,0.2034606840059513,0.2034606840059513,1
1,Report-144,0.03885908804029897,0.03885908804029897,-0.03885908804029897,1
1,Report-148,0.16691871612681566,0.16751703839817675,0.16691871612681566,2
1,Report-150,0.27826284221207276,0.27826284221207276,-0.27826284221207276,1
2,ABCD,0.1894070671493645,0.1945598944393666,-0.1894070671493645,19
2,All Our Families,0.04161708809960725,0.04776397877147736,-0.016470100238512517,5
2,PACE,0.12632935009632412,0.14913952850344345,-0.12632935009632412,8
2,PSKC,0.3391790407058497,0.35052277446159225,-0.3391790407058497,4
2,Report-004,0.04220667264527858,0.04259908540907472,0.005768783398944294,2
2,Report-005,0.05582875645301884,0.05962026349124329,0.02082882614412184,5
2,Report-006,0.10896684193232399,0.1311333232486729,0.01621501706734282,11
2,Report-010,0.05087129358305287,0.05087129358305287,-0.05087129358305287,1
2,Report-013,0.0334080661336477,0.0401328978379704,0.009812822170418234,3
2,Report-016,0.005148224213181618,0.005148224213181618,0.005148224213181618,1
2,Report-017,0.01805212166193304,0.01927928293422057,-0.006768430686687754,2
2,Report-020,0.08446024998796799,0.08446024998796799,-0.08446024998796799,1
2,Report-026,0.2475054996852742,0.2879369601860553,-0.2475054996852742,2
2,Report-032,0.16989632174685043,0.17266533403083129,-0.16989632174685043,2
2,Report-033,0.23498788943257545,0.26272108269457894,-0.23498788943257545,14
2,Report-034,0.13613497904877683,0.142113087411552,-0.13613497904877683,7
2,Report-036,0.13736812115213426,0.1498963649502522,0.13736812115213426,2
2,Report-040,0.018747494358937994,0.02173106659885616,0.018747494358937994,2
2,Report-047,0.009503819578038114,0.009503819578038114,-0.009503819578038114,1
2,Report-060,0.25608138582561835,0.25877010069951456,-0.25608138582561835,2
2,Report-072,0.15900895221067055,0.16605425968790063,-0.15900895221067055,28
2,Report-077,0.14721643963300857,0.14721643963300857,0.14721643963300857,1
2,Report-079,0.5576594295399924,0.5576594295399924,0.5576594295399924,1
2,Report-080,0.018276109042375505,0.018276109042375505,0.018276109042375505,1
2,Report-087,0.3172464008414388,0.3808945511006343,-0.15117528378832681,27
2,Report-089,0.08089959906081451,0.08089959906081451,0.08089959906081451,1
2,Report-107,0.1085535935698404,0.1140616473634266,-0.06919869276184853,3
2,Report-125,0.14522911119106285,0.15738135524508454,0.14522911119106285,2
2,Report-139,0.223270034336404,0.223270034336404,0.223270034336404,1
2,Report-144,0.023118366428048598,0.023118366428048598,-0.023118366428048598,1
2,Report-148,0.17344672377148274,0.17459543408437167,0.17344672377148274,2
2,Report-150,0.040950044391655394,0.040950044391655394,-0.040950044391655394,1
3,ABCD,0.20816344994849087,0.21261162345937035,-0.20816344994849087,19
3,All Our Families,0.03742466039773649,0.04213958875118382,-0.010614219257632238,5
3,PACE,0.15057714526074462,0.1682077890789552,-0.15057714526074462,8
3,PSKC,0.3383445425520327,0.34989627226317505,-0.3383445425520327,4
3,Report-004,0.042586251733452596,0.05085173826935367,0.02779047405694718,2
3,Report-005,0.05709180520280301,0.06052312998711712,0.017481603645811045,5
3,Report-006,0.09978853744472628,0.1289289134474677,-0.00529013124952852,11
3,Report-010,0.05303356509921897,0.05303356509921897,-0.05303356509921897,1
3,Report-013,0.03318871352478928,0.03391413223194482,-0.005910818802679556,3
3,Report-016,0.011373382412784572,0.011373382412784572,-0.011373382412784572,1
3,Report-017,0.0619197851172804,0.06460433656842905,0.0619197851172804,2
3,Report-020,0.09620280058620818,0.09620280058620818,-0.09620280058620818,1
3,Report-026,0.21467857530878015,0.26102544888244966,-0.21467857530878015,2
3,Report-032,0.08909489912062535,0.09426801409907622,-0.08909489912062535,2
3,Report-033,0.20818484208083918,0.2368713972454368,-0.20818484208083918,14
3,Report-034,0.08359673485776811,0.09301511259957973,-0.08359673485776811,7
3,Report-036,0.15362110442670407,0.16480264797134758,0.15362110442670407,2
3,Report-040,0.0598568560024027,0.060857324302649736,0.0598568560024027,2
3,Report-047,0.009669660015243692,0.009669660015243692,-0.009669660015243692,1
3,Report-060,0.2702313061802492,0.27180011848526897,-0.2702313061802492,2
3,Report-072,0.1592955544122309,0.16637506843062977,-0.1592955544122309,28
3,Report-077,0.136089548787319,0.136089548787319,0.136089548787319,1
3,Report-079,0.5632759190877886,0.5632759190877886,0.5632759190877886,1
3,Report-080,0.057936757321804006,0.057936757321804006,0.057936757321804006,1
3,Report-087,0.30185997171593426,0.3610810223286169,-0.10181156770455811,27
3,Report-089,0.035900545350468605,0.035900545350468605,-0.035900545350468605,1
3,Report-107,0.11780974024160644,0.13105939952074702,-0.09340908639071517,3
3,Report-125,0.14393636312061436,0.15577315508696518,0.14393636312061436,2
3,Report-139,0.2295485013623126,0.2295485013623126,0.2295485013623126,1
3,Report-144,0.005556011194654875,0.005556011194654875,-0.005556011194654875,1
3,Report-148,0.21509647335177773,0.21627915616534443,0.21509647335177773,2
3,Report-150,0.04021950512006872,0.04021950512006872,0.04021950512006872,1
4,ABCD,0.19823681239981727,0.2030850118667777,-0.19823681239981727,19
4,All Our Families,0.042428812363152865,0.05163492718406572,-0.02965293855923302,5
4,PACE,0.15950224699100282,0.17440899243945215,-0.15950224699100282,8
4,PSKC,0.308201289918893,0.3212025935873878,-0.308201289918893,4
4,Report-004,0.0411756429744152,0.057309807309596374,0.039862017504217695,2
4,Report-005,0.0729187213611728,0.08748422070531604,0.0654845777097846,5
4,Report-006,0.09712229520780666,0.12457089583926341,-0.0074413998382763975,11
4,Report-010,0.04212566127974676,0.04212566127974676,-0.04212566127974676,1
4,Report-013,0.0258538792522618,0.027107486373842058,-0.005895321484932076,3
4,Report-016,0.00542508654921664,0.00542508654921664,0.00542508654921664,1
4,Report-017,0.09220216131183996,0.09419204409608742,0.09220216131183996,2
4,Report-020,0.10226203786678419,0.10226203786678419,-0.10226203786678419,1
4,Report-026,0.16502917093296665,0.22509941345417275,-0.16502917093296665,2
4,Report-032,0.06752138606305916,0.07421384647588282,-0.06752138606305916,2
4,Report-033,0.18797668818499272,0.22105020080147667,-0.18797668818499272,14
4,Report-034,0.07046435116318181,0.0814163489594118,-0.07046435116318181,7
4,Report-036,0.1469913665442188,0.1583975843193816,0.1469913665442188,2
4,Report-040,0.010989572820883892,0.01367586454774836,-0.008139936138745224,2
4,Report-047,0.00399714305444851,0.00399714305444851,-0.00399714305444851,1
4,Report-060,0.26144093426419956,0.2644443689545162,-0.26144093426419956,2
4,Report-072,0.1482474090781373,0.15624289966654317,-0.1482474090781373,28
4,Report-077,0.1678414291539529,0.1678414291539529,0.1678414291539529,1
4,Report-079,0.5952911581491844,0.5952911581491844,0.5952911581491844,1
4,Report-080,0.028846518346150984,0.028846518346150984,0.028846518346150984,1
4,Report-087,0.31485625460163513,0.3767446523226537,-0.14014255830126074,27
4,Report-089,0.15380285245039,0.15380285245039,0.15380285245039,1
4,Report-107,0.11029037867631425,0.11837629101550386,-0.07730401424469292,3
4,Report-125,0.12762941135144712,0.14110825919674355,0.12762941135144712,2
4,Report-139,0.2356353878407934,0.2356353878407934,0.2356353878407934,1
4,Report-144,0.009126820041780614,0.009126820041780614,0.009126820041780614,1
4,Report-148,0.18689012923900905,0.18752091239133395,0.18689012923900905,2
4,Report-150,0.005279688870250099,0.005279688870250099,-0.005279688870250099,1
5,ABCD,0.19898651484877808,0.20407846394975815,-0.19898651484877808,19
5,All Our Families,0.034810286270179264,0.0394127885554471,-0.007837810997648137,5
5,PACE,0.16250198221495238,0.1768250339145834,-0.16250198221495238,8
5,PSKC,0.31741053029615324,0.33018735706803315,-0.31741053029615324,4
5,Report-004,0.0419591175574945,0.05204120610504926,0.030785054599018882,2
5,Report-005,0.05817081842663978,0.06134167461998552,0.014807905632114931,5
5,Report-006,0.09212041743284848,0.12319643554839231,-0.01580926174590802,11
5,Report-010,0.03600979376629149,0.03600979376629149,-0.03600979376629149,1
5,Report-013,0.03566397154875576,0.04087708313010068,-0.029197541595579097,3
5,Report-016,0.048819127877304636,0.048819127877304636,0.048819127877304636,1
5,Report-017,0.03789310861772226,0.04318235318847557,0.03789310861772226,2
5,Report-020,0.10526337595696829,0.10526337595696829,-0.10526337595696829,1
5,Report-026,0.17726431687474886,0.23399946630470964,-0.17726431687474886,2
5,Report-032,0.10370478287883916,0.10818151147407952,-0.10370478287883916,2
5,Report-033,0.18618326247482794,0.2198420610807159,-0.18618326247482794,14
5,Report-034,0.05553237258236402,0.0689002285747951,-0.05553237258236402,7
5,Report-036,0.12131425933009078,0.13473652688729987,0.12131425933009078,2
5,Report-040,0.0391252593491597,0.040639348296011325,0.0391252593491597,2
5,Report-047,0.009307562243157291,0.009307562243157291,0.009307562243157291,1
5,Report-060,0.20775278886674495,0.20963197450244192,-0.20775278886674495,2
5,Report-072,0.16565892146587832,0.1729445538275165,-0.16565892146587832,28
5,Report-077,0.14861968487672977,0.14861968487672977,0.14861968487672977,1
5,Report-079,0.5634057702164705,0.5634057702164705,0.5634057702164705,1
5,Report-080,0.032086232134877796,0.032086232134877796,0.032086232134877796,1
5,Report-087,0.3031733861930937,0.36313076107616954,-0.10918374290016374,27
5,Report-089,0.035907400971192494,0.035907400971192494,0.035907400971192494,1
5,Report-107,0.10947264957691259,0.11676139072601828,-0.07477591199103271,3
5,Report-125,0.13277951269216964,0.14547194238079156,0.13277951269216964,2
5,Report-139,0.25814530461407037,0.25814530461407037,0.25814530461407037,1
5,Report-144,0.029361184680558317,0.029361184680558317,0.029361184680558317,1
5,Report-148,0.2167212143168682,0.21788872750405122,0.2167212143168682,2
5,Report-150,0.0010997167161883037,0.0010997167161883037,-0.0010997167161883037,1
