EF_Domain,Screen_Category,MAE,Independent_groups,Effects
Cognitive flexibility or shifting,Interactive or gaming,0.13543964576799702,4,8
Cognitive flexibility or shifting,Passive or background viewing,0.1290406149958404,2,4
Cognitive flexibility or shifting,Social media or multitasking,0.17132830156255663,3,11
Cognitive flexibility or shifting,Total or mixed screen exposure,0.1251190893914338,1,1
Global executive function,Interactive or gaming,0.3233218554845918,3,3
Global executive function,Passive or background viewing,0.1180075912854854,6,15
Global executive function,Social media or multitasking,0.3104375580167804,1,3
Global executive function,Total or mixed screen exposure,0.1403416762986625,7,13
Hot EF or self-regulation,Social media or multitasking,0.052015023045542785,1,1
Hot EF or self-regulation,Total or mixed screen exposure,0.04739380218555901,2,6
Inhibitory control,Interactive or gaming,0.2428184527171319,4,11
Inhibitory control,Passive or background viewing,0.07313180825535233,5,8
Inhibitory control,Social media or multitasking,0.17738790429229442,4,17
Inhibitory control,Total or mixed screen exposure,0.09018732984705737,6,8
Working memory or updating,Interactive or gaming,0.13419224977762917,4,18
Working memory or updating,Passive or background viewing,0.1498958238673578,3,8
Working memory or updating,Social media or multitasking,0.13436409779122313,5,18
Working memory or updating,Total or mixed screen exposure,0.09271712868362174,6,10
