Parameter_index,Inner_fold,RMSE,Parameters,Full_data_inner_RMSE
0,1,0.2787729495555104,"{""model__alpha"": 0.03}",0.18037894309634833
0,2,0.18334854022115363,"{""model__alpha"": 0.03}",0.18037894309634833
0,3,0.2996871603691384,"{""model__alpha"": 0.03}",0.18037894309634833
0,4,0.2599009833157573,"{""model__alpha"": 0.03}",0.18037894309634833
0,0,0.2554274083653899,"{""model__alpha"": 0.03}",0.18037894309634833
1,1,0.2751303976028731,"{""model__alpha"": 0.1}",0.18037894309634833
1,2,0.18342451732000875,"{""model__alpha"": 0.1}",0.18037894309634833
1,3,0.2982762237479581,"{""model__alpha"": 0.1}",0.18037894309634833
1,4,0.24359924762795424,"{""model__alpha"": 0.1}",0.18037894309634833
1,0,0.25010759657469855,"{""model__alpha"": 0.1}",0.18037894309634833
2,1,0.2449439830233371,"{""model__alpha"": 1.0}",0.18037894309634833
2,2,0.1839390897242091,"{""model__alpha"": 1.0}",0.18037894309634833
2,3,0.29026632091896926,"{""model__alpha"": 1.0}",0.18037894309634833
2,4,0.1868104769548213,"{""model__alpha"": 1.0}",0.18037894309634833
2,0,0.2264899676553342,"{""model__alpha"": 1.0}",0.18037894309634833
3,1,0.19040417336938387,"{""model__alpha"": 10.0}",0.18037894309634833
3,2,0.1817913545730845,"{""model__alpha"": 10.0}",0.18037894309634833
3,3,0.2769954458709919,"{""model__alpha"": 10.0}",0.18037894309634833
3,4,0.14240505064529901,"{""model__alpha"": 10.0}",0.18037894309634833
3,0,0.1978990061146898,"{""model__alpha"": 10.0}",0.18037894309634833
4,1,0.15486122120662996,"{""model__alpha"": 100.0}",0.18037894309634833
4,2,0.17017797296284107,"{""model__alpha"": 100.0}",0.18037894309634833
4,3,0.2656667729763486,"{""model__alpha"": 100.0}",0.18037894309634833
4,4,0.13080980523957358,"{""model__alpha"": 100.0}",0.18037894309634833
4,0,0.18037894309634833,"{""model__alpha"": 100.0}",0.18037894309634833
