Feature,Mean_Delta_RMSE,Median_Delta_RMSE,SD_Delta_RMSE,Q025_Delta_RMSE,Q975_Delta_RMSE,Positive_fraction,Evaluations
Adjusted,0.006394336596738958,0.0009533861870111293,0.013727921239816643,-0.014246061217852851,0.04116952825508604,0.6,125
Log_N,0.00495857418430134,0.0037033542110148643,0.010419975991371481,-0.01167313761103549,0.02686961656971471,0.68,125
EF_Measure_Type,0.004886705382072715,0.004134922730003987,0.008453496328244702,-0.00960101074510169,0.019404545477458006,0.704,125
Study_design,0.001957458008246066,7.066374588310387e-05,0.009422062297583054,-0.010743196700630425,0.025366292968309567,0.512,125
Quality_Class,0.000778687566760814,0.001343743156694055,0.004056425103950846,-0.009967062526501338,0.006659570433768431,0.616,125
Year,0.0004314903205071219,-0.00013411656097392366,0.01132533808123383,-0.009341338108504186,0.029855414903710006,0.376,125
Screen_Nature,-0.0006035293990221761,-9.854093235395212e-05,0.002819798037189414,-0.005751358310526519,0.002775612514818594,0.4,125
EF_Domain,-0.0010115182913903063,-0.0003029857293827404,0.004030210919916528,-0.010417231276889611,0.004023656173693092,0.432,125
Region,-0.0013669837207598223,-0.0008954829416645549,0.0025067889394664675,-0.007145818744818852,0.0027997315329382905,0.32,125
Screen_Category,-0.0020548324692349386,-0.0008013841503298758,0.004652993368361409,-0.018520193820470234,0.0020980845509208997,0.4,125
Age_Mean_years,-0.0021031842282708073,-0.000594441785242289,0.009952182667259857,-0.026456158064039004,0.015263913678217212,0.44,125
