Training_groups,Model,RMSE_mean,RMSE_low,RMSE_high,Q2_mean,Q2_low,Q2_high,MAE_mean,Delta_mean,Delta_low,Delta_high
8,Null (training mean),0.20315725966772105,0.11372257113520379,0.3165512504436011,-0.5437295722695019,-2.6211873629984876,-0.0023277251086452878,0.16069655123699694,-0.0028040451195748975,-0.04247221973618315,0.04229083619651319
12,Null (training mean),0.20112632327221366,0.11588928299731362,0.3107806523165519,-0.5100243119068034,-2.6540917815868452,-0.0007194243257980792,0.15777075049056297,-0.005746010605712286,-0.03736386636467132,0.02712396154318765
16,Null (training mean),0.1993112214078463,0.1126898430915352,0.3064988120694031,-0.457343234160855,-1.825794105812239,-0.003220337618165511,0.15640731527730992,-0.009082021016006437,-0.03789907546583744,0.01900173699835416
20,Null (training mean),0.1977543270806748,0.09319490737177788,0.3039381412166111,-0.383165341342241,-1.6527700646140338,-0.002960336038559693,0.1546102917228262,-0.00945748937301504,-0.04184117416225034,0.019316400216372105
24,Null (training mean),0.19889242918673153,0.10428541142540372,0.30262205197191644,-0.4293444468671672,-1.4939996748247952,-0.007249463177760947,0.15571349695223372,-0.01209079983872809,-0.042162285494782514,0.009954847524736972
27,Null (training mean),0.19827936310132238,0.09883633535475174,0.3053136137483201,-0.3877216903585812,-1.621213246847262,-0.009263177490606244,0.1554530624230905,-0.012966996121886764,-0.04270331170801887,0.010621943271506977
8,Ridge,0.20035321454814614,0.09340459095755924,0.31088378932339517,-0.4168761061557894,-2.135666857685952,0.38781326889873324,0.15678780784855628,-0.0028040451195748975,-0.04247221973618315,0.04229083619651319
12,Ridge,0.19538031266650135,0.0833464477735989,0.30977932473989467,-0.36386521412887873,-1.4249989466644195,0.25515502307251164,0.14953474543227674,-0.005746010605712286,-0.03736386636467132,0.02712396154318765
16,Ridge,0.19022920039183985,0.08383321374059376,0.30062972587565695,-0.27897120330341985,-1.2213598400449024,0.24182693223503265,0.14310722292854905,-0.009082021016006437,-0.03789907546583744,0.01900173699835416
20,Ridge,0.18829683770765976,0.08271322553289141,0.30120389044429335,-0.24514662741799018,-1.569721760471478,0.29545064861933834,0.13990169436536296,-0.00945748937301504,-0.04184117416225034,0.019316400216372105
24,Ridge,0.18680162934800343,0.09434077701842253,0.29966738646542035,-0.23941871867370632,-1.423425800021614,0.30701475996535454,0.13736916804384414,-0.01209079983872809,-0.042162285494782514,0.009954847524736972
27,Ridge,0.18531236697943562,0.08335108984001728,0.3006798396877095,-0.19130561080438838,-1.4171159407954081,0.27578629423605905,0.13591963426167147,-0.012966996121886764,-0.04270331170801887,0.010621943271506977
