Repeat,Training_groups,Test_groups,Model,RMSE,MAE,Predictive_Q2,Correlation_R2,Calibration_intercept,Calibration_slope,Mean_bias
1,8,5,Ridge,0.2073461953464609,0.15802735082997146,0.027905747972515327,0.04202649813486427,0.3463959600759023,2.2746150088444126,-0.006392766406869829
1,8,5,Null (training mean),0.21055208516804794,0.16554626281569151,-0.0023867725270712015,,-0.24258940885524657,0.06565224744563904,-0.010274185398278629
1,12,5,Ridge,0.20106514275592308,0.144946903095475,0.08590821335589749,0.10448821868820227,0.0449308890840257,1.2926466201507913,0.024184252858141353
1,12,5,Null (training mean),0.21037419736430707,0.16533714796376867,-0.0006937277253868945,,-0.24316501649039268,0.0646566090017379,-0.0055390643308864595
1,16,5,Ridge,0.1962834460677167,0.14530026333229254,0.1288687732842444,0.2067584533041649,0.31462550584045046,2.3831945648994006,0.019091523061438607
1,16,5,Null (training mean),0.2104491429423241,0.1654225331659186,-0.0014068468215817642,7.720216709322176e-34,-0.24288040922843235,0.06515143641081067,-0.00788797072408637
1,20,5,Ridge,0.19977153898036634,0.15322712966688157,0.09763246054330676,0.23871676001883183,0.6351238817597694,3.7747549197710524,0.023128084164293367
1,20,5,Null (training mean),0.21104849894235947,0.1690081769663128,-0.0071189525861818925,7.720216709322176e-34,-0.24588395699124077,0.0596546484861501,0.017743934817519666
1,24,5,Ridge,0.1987519082183697,0.15066378782718676,0.10682029245715241,0.2265822108012293,0.4217456618910251,2.9612731384142994,0.030015952175260815
1,24,5,Null (training mean),0.21400887583899314,0.17445902404143013,-0.03557082126078481,7.720216709322176e-34,-0.24826503193934774,0.05479051671506024,0.03966329858767246
1,27,5,Ridge,0.20196514911337238,0.15007821970115282,0.07770659606921437,0.09840580163584432,0.14910174204349072,1.667302657870328,0.014775447860173943
1,27,5,Null (training mean),0.2130269587462476,0.1730428735860182,-0.026089794466573668,,-0.24766376211790786,0.056068199202339325,0.03396856590527124
2,8,5,Ridge,0.2580650965703491,0.19911170591825494,-0.6486373821683575,0.1554773582439692,0.6367795512259109,2.443188547057836,-0.17404364885617243
2,8,5,Null (training mean),0.24868547938627678,0.18061885183965223,-0.5309727428996127,1.2026431287788815e-32,-0.13499775206686357,0.039560455127839664,-0.14645453092447808
2,12,5,Ridge,0.23444529325011526,0.17168973907257426,-0.3606600681318173,0.18683373398439357,0.29830008351372855,1.5220857523550124,-0.14569950313084468
2,12,5,Null (training mean),0.24179058350949742,0.17036218201358716,-0.4472560368300371,1.2026431287788815e-32,-0.13586254438170314,0.03817803383184173,-0.13441409243301036
2,16,5,Ridge,0.22485668648175344,0.15665326225801993,-0.2516364906172046,0.18627991502093466,0.37693881089469217,1.9180618515378756,-0.12635642009235631
2,16,5,Null (training mean),0.23791240218704915,0.16430699125808979,-0.40120206032147165,1.2026431287788815e-32,-0.13636104197929907,0.03734882332370467,-0.12730582502438303
2,20,5,Ridge,0.21892208465262247,0.14747246999763974,-0.18643992596209236,0.18822337194086114,0.2850912340502126,1.6295292059204816,-0.11832133507051609
2,20,5,Null (training mean),0.22661510615161265,0.15160302021172595,-0.271289078979261,,-0.1378848053105057,0.03464705554715699,-0.104684613515231
2,24,5,Ridge,0.21756509104438543,0.14171834032753886,-0.17177716031037482,0.16565445963298797,0.2837937447131526,1.6637219635220126,-0.11209699920486728
2,24,5,Null (training mean),0.22314100237966883,0.15129101978955925,-0.23260907942161158,1.2026431287788815e-32,-0.13838393502479857,0.033700034470772564,-0.09693486944196082
2,27,5,Ridge,0.2163646433653885,0.14151035448477903,-0.15888192564008818,0.17988040015083634,0.2982657214828895,1.7245552711491692,-0.11136356078980017
2,27,5,Null (training mean),0.22487635584736967,0.15140498909613784,-0.25185547429883925,,-0.13813228584401824,0.034181690418533105,-0.10086544200031762
3,8,5,Ridge,0.1334994302413434,0.09599521433584708,0.08506182262461237,0.2230075536010596,0.8228627889734047,4.138726562665033,-0.013735282310360837
3,8,5,Null (training mean),0.13956899105846401,0.10093640257266104,-2.4875790034517564e-05,1.1766587608000353e-32,-0.23026009488776963,0.056355993477927815,-0.0006961005527120604
3,12,5,Ridge,0.16052085472356692,0.11491320971419507,-0.32280507483415644,0.31754030196102717,-1.8122756702400977,-5.15029921354077,-0.06043834579329274
3,12,5,Null (training mean),0.1419233117282928,0.09759054110996718,-0.034047285067716704,,-0.22749278324958164,0.061378918625458176,-0.02575281931804856
3,16,5,Ridge,0.15783146173971987,0.1088114071846158,-0.27885139836441075,0.23490243274650582,-0.9512170691080686,-2.546466165090133,-0.033650833790949235
3,16,5,Null (training mean),0.14008387646645884,0.09942162064247267,-0.007416889881855182,,-0.22903462040185538,0.05864956100283681,-0.0120197228242576
3,20,5,Ridge,0.15914185039958023,0.11033232567585531,-0.30017476377150487,0.15599968107761084,-0.6782143486304059,-1.5913307271175798,-0.02877581207826421
3,20,5,Null (training mean),0.13988989430463683,0.10433359045656275,-0.004628765997448658,1.1766587608000353e-32,-0.23132623353287432,0.05425935411515979,0.00949546309899302
3,24,5,Ridge,0.15209171403702623,0.10553320057983552,-0.18752847995963373,0.10830707675617625,-0.7390495466698924,-1.8281351960905439,-0.026712547009996614
3,24,5,Null (training mean),0.14008140196959235,0.10516538588098734,-0.007381299377326123,1.1766587608000353e-32,-0.2315818248307407,0.053741418920639474,0.011990849372266825
3,27,5,Ridge,0.15303313794433446,0.10500975484634899,-0.20227521000076099,0.1258570986686445,-0.7589810130657765,-1.9048237049776988,-0.026275155471588027
3,27,5,Null (training mean),0.14033357330458557,0.10605029693006376,-0.011011493470930445,1.1766587608000353e-32,-0.23185134663284862,0.05318846132412566,0.01464558251949613
4,8,5,Ridge,0.20459057006471362,0.14561324338639098,0.058283734961331435,0.22914209558188306,0.8128252005561626,4.609185526494492,-0.03673398071114722
4,8,5,Null (training mean),0.2146574878967773,0.15728206891436727,-0.036670957161122786,1.1880888736040084e-31,-0.17016164227643926,0.03720939088546767,-0.040372598202976284
4,12,5,Ridge,0.18863011873552862,0.1234561685148863,0.1994823296592262,0.4505452790871515,0.5183310246369252,3.1519876389783668,-0.042714441490777855
4,12,5,Null (training mean),0.2174714341763875,0.15405555613978267,-0.06402855638499028,,-0.16921806730330166,0.039198612254105945,-0.05334729850928461
4,16,5,Ridge,0.1925039393725676,0.14313565369369807,0.16626489311326442,0.1967028515052978,0.12014725531920943,1.6444370878821402,-0.003189692968372015
4,16,5,Null (training mean),0.2128623005879068,0.1600187079999194,-0.019404038725872708,1.0185947133093353e-31,-0.17092699149746005,0.0354957360498931,-0.02936781549724543
4,20,5,Ridge,0.19036129438325358,0.13589009611544262,0.18472120829166372,0.20650087605942516,0.09361073815188528,1.4373323818432384,-0.01087788697215116
4,20,5,Null (training mean),0.21398460807619313,0.15821356509476114,-0.030181906412514836,1.1880888736040084e-31,-0.17042581023423287,0.03662877507147454,-0.036626794413732906
4,24,5,Ridge,0.19815892412533656,0.1446339076853483,0.11656191473892563,0.11805621140815932,0.008287226095949769,1.0007383131403687,-0.008149569219997037
4,24,5,Null (training mean),0.21376151506406738,0.1585434914267586,-0.02803496152660223,1.1880888736040084e-31,-0.17051847511191093,0.036422459944321334,-0.035300069376551634
4,27,5,Ridge,0.19895965218659534,0.1285217507450328,0.10940782970444585,0.217003961139914,0.20645522059016863,1.6295079809554347,-0.05781809567558949
4,27,5,Null (training mean),0.22012049472064749,0.15158398009268723,-0.09010870332237753,1.1880888736040084e-31,-0.16846605967071554,0.04069877882209826,-0.06328618942207268
5,8,5,Ridge,0.19653878339311984,0.15036501998918014,-0.6440861646716476,0.06520741752475996,0.24148615008640328,1.4187198877730203,-0.1285739756432814
5,8,5,Null (training mean),0.18785914974390258,0.14824071032431513,-0.5020789247085216,2.719523544323734e-32,-0.1328061545204617,0.033161294237274715,-0.1086105397400728
5,12,5,Ridge,0.20489998961051106,0.15921596910370456,-0.786948024395929,0.00757047658569728,0.08488049430713195,0.8137679838099495,-0.13659336159845212
5,12,5,Null (training mean),0.20074873813792407,0.15580953245663645,-0.715274756083085,2.719523544323734e-32,-0.1314522764629304,0.035586954155127776,-0.12963504566318762
5,16,5,Ridge,0.1754803568363125,0.13991624860592095,-0.3106449716789046,0.2332914385180516,0.4501221109200524,2.4080171217161084,-0.10443032183177155
5,16,5,Null (training mean),0.19776962811601778,0.15413085650110978,-0.6647431698135204,,-0.13175955033785053,0.035055746488772785,-0.12497205689783575
5,20,5,Ridge,0.17663474796539902,0.135867869112488,-0.32794575170487894,0.2451777425367709,0.4040815723181135,2.1842927965253978,-0.1084991585988126
5,20,5,Null (training mean),0.19786225218679115,0.15418360622680324,-0.6663028774269806,2.719523544323734e-32,-0.13174995430502298,0.035072498310444435,-0.12511858391365077
5,24,5,Ridge,0.15826412696461983,0.1209296341602454,-0.0660879160605834,0.4036315262211628,0.3331242937753336,2.028128567233292,-0.0927304651825958
5,24,5,Null (training mean),0.1915007615264308,0.15046686331673348,-0.560878356398707,2.719523544323734e-32,-0.132416468009324,0.033882822131350306,-0.11479429805234598
5,27,5,Ridge,0.1570119342422963,0.11897359158359008,-0.04928478481901233,0.44135288839236575,0.3555847259651066,2.1228479936193936,-0.09287811121170694
5,27,5,Null (training mean),0.18715562351678333,0.1478009883559649,-0.4908495204458787,1.7862956135469998e-32,-0.13288226691587243,0.033017990238463864,-0.10738908982798888
6,8,5,Ridge,0.3009985343671891,0.25185158471741653,-0.10736956198572156,0.02861408908515015,-0.4887141376975675,-0.8480654388370616,0.0029105629516214143
6,8,5,Null (training mean),0.28746709612064236,0.21910021887814388,-0.010043560151622888,,-0.2516340657956331,0.05966654307358065,0.028665659138020456
6,12,5,Ridge,0.3020005783784525,0.257164960678354,-0.1147548475056952,0.020200091153384885,-0.42960891408216867,-0.7343920287667173,0.04270366044086582
6,12,5,Null (training mean),0.2975972124685394,0.2247220020941921,-0.0824841301121606,,-0.25711190615554597,0.047214175663373166,0.08214919068881625
6,16,5,Ridge,0.2963889774383224,0.2433208457101769,-0.0737122721455461,0.02482110261517303,-0.5492937991295637,-1.2460544023703637,0.03825433286606681
6,16,5,Null (training mean),0.2910515825903374,0.22095655791514063,-0.03538948548771703,,-0.25435324270692333,0.053916004769921394,0.05380903632404637
6,20,5,Ridge,0.294443023292677,0.23652333196339256,-0.05965955088126873,0.03322122632958026,-0.7339398134103081,-2.0774566228782856,0.040430539118758865
6,20,5,Null (training mean),0.29076397132308773,0.22076719162677524,-0.03334419479038453,0.0,-0.25418989409650333,0.05428250425786068,0.052230983921001665
6,24,5,Ridge,0.29342237940403965,0.23325230857777315,-0.052325972108344665,0.029091859509110397,-0.7963298208693829,-2.383431879900196,0.04318369378347104
6,24,5,Null (training mean),0.29020956992665015,0.22038557219615487,-0.02940738447638913,,-0.2538576742214011,0.055018866882811567,0.04905082199916503
6,27,5,Ridge,0.29184269302725163,0.23142322703505866,-0.041025741668121896,0.02002803939722564,-0.7408357659363839,-2.080585003080366,0.037454949301070975
6,27,5,Null (training mean),0.28887303091425315,0.21956952154639625,-0.01994749687346342,,-0.25293350240763923,0.05700710150876426,0.04039822584433133
7,8,5,Ridge,0.13960793018391643,0.11481783336830735,-0.20458765969282977,0.006097420999045981,-0.2316431103121558,-0.3552137798108113,-0.04441709856245042
7,8,5,Null (training mean),0.14001668591774066,0.1113088075810857,-0.21165177031803362,4.761225052281321e-34,-0.1520711358484916,0.03312183857376555,-0.0585196656509149
7,12,5,Ridge,0.1413400007425411,0.09788483051876305,-0.2346629377228513,0.16662320566372302,0.1670042125032912,1.3672450149749882,-0.07936215012722966
7,12,5,Null (training mean),0.1564613504612955,0.10883671395992729,-0.5129771950443343,4.761225052281321e-34,-0.14988800210800216,0.037530419699523296,-0.09110451756460802
7,16,5,Ridge,0.13482167546383805,0.09884796763198726,-0.12340841573774286,0.0957487278017655,-0.004628393593509449,0.7136853851590115,-0.05741647209195431
7,16,5,Null (training mean),0.14188624553855794,0.11093663847248772,-0.24422472421882913,,-0.1517943021692002,0.033720629593362694,-0.06286163858455798
7,20,5,Ridge,0.13588229218265563,0.10144343250363308,-0.14115322449031553,0.06891828520772843,-0.03170116828306866,0.5986586174743961,-0.05383132731165781
7,20,5,Null (training mean),0.143838006820375,0.11056898253647521,-0.2786908157087564,4.761225052281321e-34,-0.15151647733638718,0.03430881421891998,-0.06715095783803743
7,24,5,Ridge,0.1394551501746862,0.0999956046469899,-0.2019526200775419,0.18246950776639242,0.08691719253072963,1.0338902344551495,-0.07884684066874939
7,24,5,Null (training mean),0.15107341951691902,0.10933864027621329,-0.41056905503564356,,-0.1505560101612427,0.036252409610264304,-0.0815049508744263
7,27,5,Ridge,0.14160653909923784,0.10295839308311934,-0.23932397242388204,0.19010043221478407,0.10838340814797343,1.1038922437047405,-0.08319191321487807
7,27,5,Null (training mean),0.15344450685264802,0.1089876963115349,-0.4551940980563651,,-0.15025822495698804,0.03682909780159093,-0.08582013525834117
8,8,5,Ridge,0.07517979110537922,0.060678019756639646,-1.0484335865906522,0.14513253873251453,-0.1559129942784522,0.5939278957451073,0.055732176820252395
8,8,5,Null (training mean),0.11387755896462115,0.10209593127033222,-3.699979429221112,,-0.2906498224321968,0.05853686304920998,0.10103918289215658
8,12,5,Ridge,0.1015998562197402,0.07462831106386232,-2.7411562367530875,0.023235742015857853,-0.2709722518983612,0.13594788742256533,0.07097624272822255
8,12,5,Null (training mean),0.12424876470375586,0.11273112140927312,-4.595048016160704,3.24486998935962e-32,-0.2919186262473938,0.05541782389827009,0.11259917217361406
8,16,5,Ridge,0.08723046121772071,0.05569782735243094,-1.7577570036967618,0.0024861336112051817,-0.28962291692063746,0.050665680824031105,0.049482364426027686
8,16,5,Null (training mean),0.11202389665801292,0.10016955470514319,-3.5482152397117153,3.24486998935962e-32,-0.2904132070791063,0.05909730133092198,0.0989452953212989
8,20,5,Ridge,0.07902224496921371,0.05277038515691519,-1.2631762961060415,0.0007954417440527627,-0.29470738362162835,0.028417928736056863,0.030365804812568918
8,20,5,Null (training mean),0.09326262155211841,0.08025965153975657,-2.1523533847221548,,-0.28781954553213823,0.06486760594567108,0.07706318590966478
8,24,5,Ridge,0.10147028942172222,0.07103272126333889,-2.731620385561962,0.035932260534127916,-0.2671022954002902,0.14988923323368913,0.06668606037430343
8,24,5,Null (training mean),0.1098040347970119,0.09785070877219329,-3.369746631061026,3.24486998935962e-32,-0.29012565854839695,0.05977004425988293,0.09642481061157078
8,27,5,Ridge,0.09338385903053338,0.06652275586753048,-2.1605545650066977,0.03872304279964652,-0.26161501298053574,0.167362152775369,0.05851224252935317
8,27,5,Null (training mean),0.09893916153371411,0.08627614022254408,-2.5477753335207005,3.24486998935962e-32,-0.2886464775591868,0.06309678834028155,0.08384375784021293
9,8,5,Ridge,0.20568317258086502,0.1366920522286495,-0.06939495793649586,0.0005952081854867544,-0.27411451539989756,-0.12628779564016848,-0.029932845898336693
9,8,5,Null (training mean),0.20221904771608995,0.13690791046384754,-0.03367670451970417,6.154546120347455e-32,-0.22297289049631766,0.06165704163866385,-0.036500136588952146
9,12,5,Ridge,0.20131846865535916,0.13248759854172049,-0.024490283006592284,0.01905470817283888,-0.1468124633099555,0.4059476419320189,0.010411583201465388
9,12,5,Null (training mean),0.19896926894394265,0.13829104350586996,-0.0007200832129881096,,-0.226393262713375,0.05554779398016729,-0.0053372929371434666
9,16,5,Ridge,0.19500663633967746,0.1291340053279326,0.038743278467180065,0.043609644463300755,-0.010168862022098659,0.9076573726770036,-0.013215826250640812
9,16,5,Null (training mean),0.1992713389060664,0.13590261496829573,-0.003760924059679205,6.154546120347455e-32,-0.2256666717068129,0.0569176768791847,-0.012197672779111962
9,20,5,Ridge,0.19469582212284645,0.12148779358007279,0.04180506302372067,0.042896214986025576,-0.014279812256804518,0.9194720237908105,-0.005490879761678827
9,20,5,Null (training mean),0.19919477652216663,0.13636293969331217,-0.0029897588109819573,6.154546120347455e-32,-0.2258079010021179,0.0566547324397063,-0.01087546346257537
9,24,5,Ridge,0.1931445989170751,0.11496661044673377,0.05701291825747867,0.058170301158997136,-0.012530999862074172,0.9262397839984338,-0.005585063811666038
9,24,5,Null (training mean),0.19910718341258954,0.13697004194551976,-0.002107851394718807,,-0.22599329504110333,0.056307159329239416,-0.009131659121128144
9,27,5,Ridge,0.18828245907498564,0.11101397429136786,0.10389204907674177,0.10626870823862002,-0.016490258228003336,0.9695961474610423,0.009480906983759498
9,27,5,Null (training mean),0.19914233366372192,0.14380147906387414,-0.002461705547799342,6.154546120347455e-32,-0.2279478571662374,0.05246311856175996,0.0098684228143639
10,8,5,Ridge,0.280165072839286,0.20177746634333926,-1.1979313058954317,0.007509127405196465,-0.5164436536612481,-0.5126875554546788,0.20177746634333926
10,8,5,Null (training mean),0.3165094427115061,0.25390205245047354,-1.805171852901998,,-0.40007256967135196,0.06236866478135657,0.25390205245047354
10,12,5,Ridge,0.2859284623622743,0.20081029654104499,-1.2892905080080332,0.080883042487905,-0.6975826762119147,-1.3770704054555332,0.20081029654104499
10,12,5,Null (training mean),0.2904839359533457,0.22061038497759408,-1.362818545919605,,-0.3956352572612886,0.07484827458080767,0.22061038497759408
10,16,5,Ridge,0.2806049673575186,0.20063721542897298,-1.2048387834592127,0.0372525884655596,-0.6864581615668397,-1.3227437826166553,0.20063721542897298
10,16,5,Null (training mean),0.2991479054062158,0.23189975037058808,-1.5058672641586734,3.370595471995329e-32,-0.3972245175604428,0.07066452614276401,0.23189975037058808
10,20,5,Ridge,0.27849329835941367,0.19038406627404467,-1.1717789912821353,0.11802074888767024,-0.826902220736393,-1.9010263601769462,0.19038406627404467
10,20,5,Null (training mean),0.2913076077605874,0.22169381419473813,-1.376237162254366,,-0.39579145195736665,0.0744490122587171,0.22169381419473813
10,24,5,Ridge,0.278684084611883,0.1843939513400519,-1.174755633839676,0.12574550142445853,-0.7489727186344128,-1.5047695636437772,0.1843939513400519
10,24,5,Null (training mean),0.2839816886566726,0.21197552784533916,-1.2582228873049845,3.370595471995329e-32,-0.3943629393354408,0.07801283869413625,0.21197552784533916
10,27,5,Ridge,0.27673146618710476,0.18286204744476153,-1.1443872592186461,0.12319752451520184,-0.7645251449684074,-1.563144685614786,0.18286204744476153
10,27,5,Null (training mean),0.2833144819012777,0.21108083894092391,-1.2476240941443164,,-0.3942283440480456,0.07833892479256695,0.21108083894092391
11,8,5,Ridge,0.09557862642009439,0.07716720480792856,0.3707889328423908,0.688951595760003,0.414018639031982,3.0919179076905614,-0.006366136501315794
11,8,5,Null (training mean),0.12143134150266566,0.10431388619252244,-0.01563198320961212,,-0.18100324045447183,0.03684666695564249,-0.01506501777557386
11,12,5,Ridge,0.08447362183453823,0.06868863053667262,0.5085073662639372,0.6386230027443738,0.1095008033528016,1.7255686995460908,0.01580456301262264
11,12,5,Null (training mean),0.1206195846365911,0.10545931159398793,-0.002098565006061648,3.639670339239374e-33,-0.18166524614504873,0.035247397629846626,-0.00551980609669466
11,16,5,Ridge,0.08378869444739571,0.059938964506357155,0.5164452764017387,0.547554225535598,0.06282998282964627,1.2657511231481207,-0.010061070249178515
11,16,5,Null (training mean),0.12269195606570578,0.10334685822570155,-0.0368285893733411,3.639670339239374e-33,-0.1804235840395976,0.03818262225065544,-0.023123584165747658
11,20,5,Ridge,0.08312443797587714,0.058711653714846934,0.5240818947173412,0.609581225851088,0.08950859055183681,1.28074515484374,-0.028566949757067354
11,20,5,Null (training mean),0.1321860308138467,0.10121935197063622,-0.20349948068492596,3.639670339239374e-33,-0.17800519054863626,0.043230283473976755,-0.054355595882674065
11,24,5,Ridge,0.09533593545796078,0.0682039334561023,0.3739802314416224,0.5609664667027913,0.14388372320098552,1.4260049333919387,-0.04458613869497317
11,24,5,Null (training mean),0.13771118086562498,0.10280780723302516,-0.30621055172615685,,-0.17697967624841807,0.04516177402851123,-0.06667648308696415
11,27,5,Ridge,0.08373034727835682,0.060379397895705844,0.5171184991032807,0.6044199084638134,0.10605312964291438,1.383962931549271,-0.024331973373498607
11,27,5,Null (training mean),0.1309162779226876,0.10134596026133655,-0.18048937293067246,3.639670339239374e-33,-0.17826230093572976,0.0427284880896628,-0.05119038861516598
12,8,5,Ridge,0.28597098554464123,0.234278059505223,-0.04119082342701019,0.2656472246808527,1.940991124152115,9.216693673604464,0.08670255486133996
12,8,5,Null (training mean),0.29087490376803354,0.23703977742102952,-0.0772063201666644,2.873162507414616e-32,-0.3130281201111458,0.08001234701632944,0.07787234140624438
12,12,5,Ridge,0.2912567639417297,0.23342527338594338,-0.08003648661915497,0.10150925204804459,0.2281886645987009,2.4786121816671827,0.10687381792368358
12,12,5,Null (training mean),0.29601192004619437,0.24284350281410796,-0.11559044904456628,2.873162507414616e-32,-0.3155749436551243,0.07516880336966192,0.09528351758547979
12,16,5,Ridge,0.2891443341846828,0.2301308416064553,-0.06442670275907303,0.11614823856393551,0.264841784377867,2.6022962820798523,0.10355922495761136
12,16,5,Null (training mean),0.2961970858120741,0.24303473509442214,-0.11698656693046305,,-0.3156564838706082,0.07500713482468921,0.09585721442642237
12,20,5,Ridge,0.2850639764114439,0.22323742778041375,-0.03459664420095976,0.29221800297540934,0.46968587402322387,3.693573423138751,0.11603036312674694
12,20,5,Null (training mean),0.297816730284235,0.2446658857046002,-0.12923562312414338,,-0.31634568374885036,0.07362288197104021,0.1007506662569566
12,24,5,Ridge,0.2794299419599631,0.2195434694319907,0.005894975874153996,0.3893676448922427,0.2972386327495394,3.061772411241587,0.12748203631602928
12,24,5,Null (training mean),0.3022054963024959,0.24877119381829604,-0.1627627357544459,2.873162507414616e-32,-0.3180293705895264,0.07009789941775191,0.11306659059804411
12,27,5,Ridge,0.2814280567216281,0.2219298707349363,-0.008372913515294567,0.42687223093943727,0.4083629108647968,3.6253519893649364,0.1288534615570283
12,27,5,Null (training mean),0.3051169856253703,0.2512932558754761,-0.18527509173841317,,-0.31902672766720913,0.06790391455584587,0.12063277676958419
13,8,5,Ridge,0.19351050568179504,0.13800695314367936,-0.11836894403492337,0.10369783819696471,-0.16990970976464795,0.4061698069401768,-0.003709844845608241
13,8,5,Null (training mean),0.18769119915533777,0.10843283005919854,-0.052116474497423404,4.1489299958522743e-32,-0.26024675280524645,0.08599487473687692,-0.04177337005363615
13,12,5,Ridge,0.18806969694248074,0.11449238924317537,-0.056364146076272714,0.00047514809846643504,-0.22269609177620442,0.2003362851689202,-0.0406160763472313
13,12,5,Null (training mean),0.1831078712672673,0.11062440852108406,-0.0013595186705217532,,-0.2654937710007925,0.07842936968550882,-0.006746904868122365
13,16,5,Ridge,0.18867151432506238,0.11492893403090143,-0.06313563013287449,0.021591232438194156,-0.7944878893559705,-1.5860988819046646,-0.030249057447902957
13,16,5,Null (training mean),0.18328217376126943,0.11386160238398016,-0.0032668373821804764,4.1489299958522743e-32,-0.2679257869532007,0.07453799753878179,0.010458653064593074
13,20,5,Ridge,0.1821093242103759,0.10899505151239637,0.009532183473065059,0.014789799085012573,0.05251555459745525,1.1309345217210895,-0.013015485535907796
13,20,5,Null (training mean),0.18464472764515663,0.12170889942428254,-0.01823923085941659,,-0.26986139376321355,0.07122994975331137,0.024712418991742348
13,24,5,Ridge,0.1811673615534608,0.10980920181542006,0.01975209687308399,0.02221519499992762,0.07389061647685308,1.2238008919521766,-0.007589208977207028
13,24,5,Null (training mean),0.18752800780038684,0.13130835517470082,-0.050287708187129576,4.1489299958522743e-32,-0.27198447602289066,0.06735114492986025,0.041033911766383005
13,27,5,Ridge,0.1827886531291288,0.11113607502463584,0.002128845743044061,0.0060208240461381065,-0.127527429726164,0.564496980125158,0.0032135127772926994
13,27,5,Null (training mean),0.195041980010577,0.14735045876103556,-0.13614090767274867,,-0.27520349499228364,0.060860319447608176,0.06751594013057709
14,8,5,Ridge,0.12670715733929253,0.10950655110757547,0.18590057422613726,0.3228446355479594,0.20706655814634242,1.993394315996447,-0.03345878356961567
14,8,5,Null (training mean),0.14089898707637874,0.12471138188071793,-0.0066787356916861995,2.6880330135652443e-31,-0.13808038354632446,0.021095909574296377,-0.011476502400486012
14,12,5,Ridge,0.13293665459842535,0.1084436258298948,0.10388314950111133,0.25837990971846553,0.0800685551174803,1.1301057713091809,-0.054582647840381464
14,12,5,Null (training mean),0.15078045184586583,0.13619799271820893,-0.15282990539810148,2.6880330135652443e-31,-0.13606550588640584,0.02669641801928173,-0.05489927328337124
14,16,5,Ridge,0.14463714175553877,0.10582727508087823,-0.06080318469307033,0.45940947705195906,0.2067322403176161,1.4622245675258687,-0.09671450858649903
14,16,5,Null (training mean),0.16072908862965044,0.14351662777787627,-0.3099783477430629,2.7252887441663226e-31,-0.1348089231749795,0.029589110013659492,-0.07818583938231292
14,20,5,Ridge,0.1480226727025769,0.1058662551242983,-0.11104496660446062,0.3158127583941229,0.11582543611142794,1.1047554762276426,-0.09144388216977567
14,20,5,Null (training mean),0.16999558390415562,0.14905257915925185,-0.4653805813925398,3.329044448861895e-31,-0.13378241645204084,0.03172029857862019,-0.0958002301412352
14,24,5,Ridge,0.1486757698239723,0.10105891706643116,-0.12087077269427371,0.3512981038299231,0.10272329030853022,1.0262870910455968,-0.09647284413957603
14,24,5,Null (training mean),0.17853005045983558,0.15397644211612288,-0.616210070587645,2.6880330135652443e-31,-0.13289482593286045,0.03342840053870616,-0.11023685620240738
14,27,5,Ridge,0.13977579444558383,0.09667043187119026,0.009307006024303122,0.4032224103052687,0.1154009055699227,1.1214145558493398,-0.08760775727544833
14,27,5,Null (training mean),0.17662973441184135,0.15282318069391068,-0.5819865429314541,2.783919674563776e-31,-0.13308913778891487,0.03306404472707598,-0.10713192160414385
15,8,5,Ridge,0.14793943672738236,0.12892206589851912,-0.49442621718854673,0.7887036707265294,-1.947344910448308,-5.774141398281981,-0.05379282638905481
15,8,5,Null (training mean),0.1357677565842542,0.11802584432422786,-0.25863510294237124,1.078393447933042e-30,-0.2212786408026632,0.06708286945218633,-0.06154467124966792
15,12,5,Ridge,0.1423294689776266,0.1169531303400247,-0.38323578032168104,0.14866011265834983,-0.506760325448881,-1.2172281733362433,0.02378876615073201
15,12,5,Null (training mean),0.12303575129198546,0.10110990252157186,-0.033639761896181675,1.078393447933042e-30,-0.23051725320830294,0.050579997319396205,0.02219592141118955
15,16,5,Ridge,0.1183521953767062,0.08993908255795673,0.043556780032709685,0.20561183690131535,0.0315514655002573,1.397509872267274,0.046148567669691144
15,16,5,Null (training mean),0.1233948162229794,0.10127370224083322,-0.03968167012144019,1.078393447933042e-30,-0.230701033172243,0.05017945332186999,0.02410691813590575
15,20,5,Ridge,0.12074007763758006,0.09102109890379317,0.004572904984864734,0.16629011369069416,-0.0005758604746777988,1.243013650688338,0.04769997807799881
15,20,5,Null (training mean),0.12233967755790971,0.10074514732771368,-0.021977229204093396,1.021817715126973e-30,-0.23010330475420607,0.05146836830748075,0.017940444149511004
15,24,5,Ridge,0.12202935065044605,0.09227148781151695,-0.016799108717388878,0.11330821163924495,-0.054925123212327565,0.9427169214909843,0.043581103645886334
15,24,5,Null (training mean),0.12336165281619782,0.1012591024643556,-0.03912289862859075,1.078393447933042e-30,-0.23068470592562532,0.05021519469903881,0.02393658741033335
15,27,5,Ridge,0.10808720200994575,0.08492330402746283,0.20227150461148125,0.2569753263684585,0.017389428293331805,1.2031391904352768,0.02634121466171808
15,27,5,Null (training mean),0.12158680741550093,0.10021509233478255,-0.009437574207088462,1.078393447933042e-30,-0.22949033349259165,0.05275042439572755,0.01175646923198103
16,8,5,Ridge,0.12238041143975602,0.11149841259016428,-1.4460569269478731,0.007200679800768774,-0.3209735118249482,-0.18390678700816934,0.08408935390786862
16,8,5,Null (training mean),0.14833342556108742,0.1287487980618431,-2.5935260279671386,,-0.27724105446722236,0.043848637850883034,0.1260154905258547
16,12,5,Ridge,0.12116160788663638,0.11223102197418129,-1.3975782949050508,4.113758156277089e-05,-0.2870545166028077,-0.01449312701463961,0.08557645637971961
16,12,5,Null (training mean),0.14855611079116074,0.12894096668528277,-2.6043236730080284,,-0.27726345777684713,0.04377952480525159,0.12627753864872698
16,16,5,Ridge,0.10483438112195644,0.08590701990250413,-0.7949411482375333,0.23459834276852354,-0.660740409441453,-1.6100155061806007,0.050287615801985576
16,16,5,Null (training mean),0.1305053355487553,0.11293037969963896,-1.7816294613532784,0.0,-0.2752836088521228,0.04947707138258184,0.10444492003193992
16,20,5,Ridge,0.09578844428064429,0.07035513354161518,-0.49854221533240617,0.08678214935633821,-0.4603803769654825,-0.6471597006551588,0.011903064535786434
16,20,5,Null (training mean),0.09557703297256419,0.07808787004875356,-0.49193475524505215,,-0.2699817129869924,0.06190515329893925,0.054882309951602204
16,24,5,Ridge,0.09184399591139789,0.06826196210580786,-0.37766708798068804,0.06391031151224624,-0.46710117897491477,-0.6893047321584458,0.01880009719703777
16,24,5,Null (training mean),0.09947332605313676,0.08137653239795728,-0.6160545685018886,0.0,-0.2707415360224192,0.06031017854759071,0.06141694643873765
16,27,5,Ridge,0.08939905248710042,0.0703504222304157,-0.30529469805188136,0.040232352025567894,-0.45869074161451995,-0.6714594131557343,0.024272827695524513
16,27,5,Null (training mean),0.09995793223293055,0.08194986932578541,-0.6318388537111024,,-0.2708312535717601,0.06011842183486355,0.06219876952213964
17,8,5,Ridge,0.28944681682393425,0.2072781101971649,-0.16565401746921715,0.030878908786203037,-0.6315438806876397,-1.8019442306362528,0.09359107329893988
17,8,5,Null (training mean),0.27992752979742025,0.20496874618701588,-0.09024306483299638,4.287385921495401e-32,-0.27406099828757785,0.05619555338105125,0.08053614983177809
17,12,5,Ridge,0.2914182083823802,0.21245559336034037,-0.1815863818182073,0.03900290255440089,-0.541450872308471,-1.261341205632775,0.08273055432523375
17,12,5,Null (training mean),0.27517803354550857,0.20338380265264697,-0.05356087631875317,4.287385921495401e-32,-0.27199243245864685,0.06080081311410568,0.06204514193080738
17,16,5,Ridge,0.2924514024200219,0.21291540812145227,-0.1899796262735034,0.15709509191374293,-1.010527562224007,-3.518042826893615,0.07951924421279083
17,16,5,Null (training mean),0.2737570275821883,0.20281452820932602,-0.04270789687899579,4.287385921495401e-32,-0.2712140541414226,0.06242809317865722,0.05540360675873024
17,20,5,Ridge,0.28013319421398925,0.20870661171371868,-0.09184566943166428,0.02810820580597285,-0.68654648314261,-1.7841130331963426,0.060843113436977694
17,20,5,Null (training mean),0.27027835153411534,0.20137785532354535,-0.016376539995813566,4.287385921495401e-32,-0.26862303200273296,0.06749846523240186,0.03430796990846052
17,24,5,Ridge,0.2776816262363639,0.20089540529366812,-0.07281885432452295,0.015180357201243997,-0.004429334286217236,1.361260559294969,0.07904400319303916
17,24,5,Null (training mean),0.2731024615382362,0.202529053111718,-0.03772753002734053,4.287385921495401e-32,-0.2708168644806178,0.06323863516032137,0.052073063953302974
17,27,5,Ridge,0.2875473625021929,0.21027984808725902,-0.15040533238938325,0.05547705780353773,-0.8225010068456449,-2.6811812520731557,0.08532977202027879
17,27,5,Null (training mean),0.2755945306313581,0.2035399626647053,-0.05675253451086126,4.287385921495401e-32,-0.27220273357876057,0.06035190641119036,0.0638670087381552
18,8,5,Ridge,0.2395837792959645,0.19091435161099415,-0.3620778421129329,0.13825711360021792,1.038869819887088,4.516478662032188,-0.13248789100584896
18,8,5,Null (training mean),0.2464267832246952,0.19475680196046113,-0.44099648393980106,5.823332993925817e-32,-0.11724206929478893,0.030669277448425594,-0.13632453054462929
18,12,5,Ridge,0.23220106820622485,0.18472551955466077,-0.2794270601168114,0.3362505620335396,1.1047335097469397,4.807111341965155,-0.13060574758240312
18,12,5,Null (training mean),0.23975025489148738,0.1882876484074793,-0.3639713885001401,,-0.11794544387204188,0.029381758890200577,-0.12384830583530727
18,16,5,Ridge,0.2437208980089769,0.19334968214692289,-0.409524550254039,0.23687783977672142,0.6504355526120078,2.797163630043107,-0.1520519425157817
18,16,5,Null (training mean),0.2562698636630847,0.20361227210856875,-0.5584116313960277,5.823332993925817e-32,-0.11623825982992687,0.032391855853703314,-0.15340293725883686
18,20,5,Ridge,0.23819462900536395,0.18810480868455015,-0.34632848398413296,0.1909104833783462,0.5457462645147558,2.526059742969688,-0.14037065337503216
18,20,5,Null (training mean),0.2482559874018863,0.19645722415260197,-0.46246866073033743,5.103654448275413e-32,-0.11705292514602603,0.031003661036034656,-0.13960391620090096
18,24,5,Ridge,0.22656120611663863,0.1770203530201598,-0.21803060641338745,0.21009896202675565,0.3675190081028748,1.959904631265642,-0.12616773168264792
18,24,5,Null (training mean),0.23995991000499334,0.18849784148780094,-0.3663579437103601,5.823332993925817e-32,-0.11792300068525072,0.02942397072382414,-0.12425367820449891
18,27,5,Ridge,0.22502416215791238,0.17557931772193783,-0.20155986095643708,0.21721081719031604,0.36981242392700164,1.9856248079108119,-0.1240658874907528
18,27,5,Null (training mean),0.24094239519382962,0.18947625559900907,-0.3775696051839874,,-0.11781816434126796,0.02962012809987514,-0.12614061970468604
19,8,5,Ridge,0.24382093424712478,0.21656383516079167,-0.8039476263437277,0.16692872611889836,-0.47581908049218624,-0.7151259726716986,-0.01876444904013199
19,8,5,Null (training mean),0.18312844577106227,0.15051158168443057,-0.0176385760770279,3.112276926569365e-32,-0.2542769760469912,0.0624228676976869,0.024109643573805874
19,12,5,Ridge,0.1569332870894627,0.14129180608485645,0.25267056946078836,0.5553090665440328,0.15199751170168124,2.1121694905521933,0.06999665175603936
19,12,5,Null (training mean),0.18703654725336372,0.1630652370152904,-0.061536412891893155,,-0.25665771694866435,0.05763733211941378,0.04503240245857221
19,16,5,Ridge,0.16695869545558245,0.13218889719126747,0.1541370008003271,0.18509885075224602,-0.004224498389004829,1.1120256564772222,0.03095859985999022
19,16,5,Null (training mean),0.1824619528232096,0.14707031986931807,-0.010244698040426492,3.112276926569365e-32,-0.2535955735219967,0.06371007035822863,0.01837420721528501
19,20,5,Ridge,0.16176324840983652,0.12797894734759224,0.2059613147541689,0.2789635668077445,0.07644936861204316,1.4911353875452644,0.03752935829894517
19,20,5,Null (training mean),0.18309957300841764,0.15037940372142986,-0.017317711443500583,,-0.2542510272564269,0.062472508125083086,0.02388934696880465
19,24,5,Ridge,0.15455546950927435,0.12012858858006556,0.27514573252380403,0.40715347253545126,0.2616959490993151,2.1507069146626474,0.022567506955852582
19,24,5,Null (training mean),0.18339424623561656,0.1516768816643411,-0.020594808295845146,,-0.2545049646820269,0.06198454594748245,0.026051810206990048
19,27,5,Ridge,0.15654476766659053,0.13131080769778658,0.256366312951504,0.4308959473117483,0.2023501479185024,2.0878128648803176,0.04355063638460851
19,27,5,Null (training mean),0.18701066733449476,0.16300067089628043,-0.06124266735406825,3.112276926569365e-32,-0.2566459054841369,0.05766229734902889,0.044924792260222314
20,8,5,Ridge,0.1321244964945632,0.11763532809828875,-2.156245193332851,0.3276909360362024,-0.6480134439879066,-2.0034548039253277,0.09831141525397712
20,8,5,Null (training mean),0.13972809280071646,0.12232728983639776,-2.5299739950262103,,-0.27404963437633395,0.04468173280479008,0.11829217220897115
20,12,5,Ridge,0.11548643912516746,0.09929465196867335,-1.4113820556708125,0.16246085373116503,-0.4753658508221277,-0.9138898055934285,0.06902109752512027
20,12,5,Null (training mean),0.1162964778227113,0.10114629508346612,-1.4453282610367961,,-0.2713397317372671,0.05207705641511767,0.08940899754588255
20,16,5,Ridge,0.10781728845747765,0.09238623935877745,-1.101749023157311,0.07261397889324045,-0.4899358568737098,-0.9859236217173095,0.0697551804645658
20,16,5,Null (training mean),0.1145198375753583,0.09944242625600498,-1.3711852799786075,,-0.2711051217412131,0.05266192996359991,0.08708554005389009
20,20,5,Ridge,0.09558590745592603,0.08141045374922752,-0.6519305259537549,0.11544630466209202,-0.5196581766050545,-0.9909124071557986,0.0408254840327352
20,20,5,Null (training mean),0.09055405433849706,0.07346638855333099,-0.48258582196729827,3.6779959872652315e-31,-0.2672381724974018,0.06137685419222402,0.051663670459334635
20,24,5,Ridge,0.09504326123936448,0.0800809000503544,-0.6332275731970054,0.00844361686546803,-0.4051545163355297,-0.5504165022877467,0.056377988956981935
20,24,5,Null (training mean),0.10440879822982083,0.0893200489290731,-0.9709619374230523,3.6779959872652315e-31,-0.2696621190182278,0.056103839397410496,0.07328229824443752
20,27,5,Ridge,0.08549043159078037,0.06710636706987388,-0.32141448358967395,0.008147854927515302,-0.3557127692044527,-0.2971746938299399,0.031050509982318446
20,27,5,Null (training mean),0.09482611437521897,0.07872245199730253,-0.6257731760354963,,-0.26806340845236964,0.05964508019855028,0.05883102970111403
21,8,5,Ridge,0.1847641274622824,0.14963846610007236,-0.46829041851847886,0.07219434611836481,0.013821882667499258,0.6784882613200687,-0.11040549751926791
21,8,5,Null (training mean),0.18296242316713113,0.1327168004009409,-0.4397943362608896,,-0.17515472205248506,0.0509908673878951,-0.1011198668588256
21,12,5,Ridge,0.13934400816727904,0.10497995251805305,0.16487160315187288,0.3560178607392694,0.40813783109358087,2.658880001750333,-0.03495910686186043
21,12,5,Null (training mean),0.16953638538031132,0.12266362517691383,-0.2362391497736649,,-0.17761001552780567,0.04690875428321634,-0.07411184217235253
21,16,5,Ridge,0.1341346837957162,0.10250379680878471,0.22614635324005217,0.458546425919029,0.45859084594445815,3.0099801396943655,-0.025480687524020783
21,16,5,Null (training mean),0.16031981318216884,0.11745709964606792,-0.10548040796862068,7.172301951639795e-32,-0.17969024206480544,0.04303959790670914,-0.049521931314557774
21,20,5,Ridge,0.1310502341819033,0.09856464946885188,0.2613269461634107,0.47168793545517257,0.3912232167231198,2.754402455885683,-0.021016635465061412
21,20,5,Null (training mean),0.15922071269516286,0.11742202417336872,-0.09037473772580373,6.303781012183415e-32,-0.1799882527078808,0.0424480945632941,-0.045839006681142845
21,24,5,Ridge,0.13170914257732522,0.09892756774121222,0.25388031372035025,0.49550765913564504,0.44602765329433336,2.990956301412294,-0.022650843637605392
21,24,5,Null (training mean),0.15731209047716363,0.11735395770504986,-0.06439017858932927,6.303781012183415e-32,-0.18055611151268106,0.04129158655841576,-0.03869202750766076
21,27,5,Ridge,0.13187329469978257,0.09758220554370778,0.2520193426330174,0.46815593468707556,0.38802837419479425,2.6447435857179107,-0.02855797454377556
21,27,5,Null (training mean),0.16028788741672453,0.11745611438286518,-0.1050401655133888,6.303781012183415e-32,-0.17969866259022607,0.04302302449953237,-0.04941847867827196
22,8,5,Ridge,0.3110284918538058,0.2341547004437757,-0.4762476484978633,0.0012503171359544434,-0.2923717690437306,0.35024746940939366,0.17609241377286367
22,8,5,Null (training mean),0.31427975598446023,0.24897309241644297,-0.5072721834024325,,-0.3447656714170304,0.059551035983239485,0.18232284505796748
22,12,5,Ridge,0.3100041777113217,0.24191517422375733,-0.4665401689169766,1.4194460511160856e-05,-0.3698861914994299,-0.08211095165369181,0.1743898713459272
22,12,5,Null (training mean),0.3104362200296481,0.2449481689244333,-0.4706307520682804,,-0.34397660197564,0.06172220663654365,0.1756146392379514
22,16,5,Ridge,0.300518141748819,0.23115815398536488,-0.37816196280474546,0.07336493715651739,1.3252850634230229,8.646438548602152,0.16071324440121348
22,16,5,Null (training mean),0.3063052529662896,0.24050210140300265,-0.43175187114861435,2.0409711383333577e-33,-0.3430744723885398,0.06410255145612749,0.16820452670223363
22,20,5,Ridge,0.30191400776160604,0.23530782790352242,-0.3909944471530229,0.24958734306787284,-3.294250494152623,-14.51909626687208,0.15261511550141152
22,20,5,Null (training mean),0.2997322136530337,0.23312793799206866,-0.37096293070377895,,-0.34150905302273743,0.06800729628897778,0.15591425435067693
22,24,5,Ridge,0.299901299682062,0.22787722088555432,-0.3725101522053589,0.5573123611411303,-4.542462292946311,-19.80598626674953,0.14363040864038212
22,24,5,Null (training mean),0.29421999392570314,0.2266006096217719,-0.32100126701246,,-0.34005316369917665,0.07141677174140913,0.1450353737335157
22,27,5,Ridge,0.30114913588750897,0.22765467629300187,-0.383955457150285,0.34308683459642547,-2.989932941017186,-12.633858181348817,0.14649474333877652
22,27,5,Null (training mean),0.2947956246710406,0.22729912915742126,-0.3261753055951122,2.0409711383333577e-33,-0.34021205862348664,0.0710540676802858,0.14619957295959796
23,8,5,Ridge,0.08975280170857736,0.07007745168832397,-0.36739798335913254,0.5651717108192752,0.4697279446554178,3.21979379847103,0.062541150303376
23,8,5,Null (training mean),0.10767804578792643,0.079784991163771,-0.9681275315014375,1.6851021809318617e-30,-0.28753360553340446,0.06521360862924709,0.07552084352699515
23,12,5,Ridge,0.11209014750107132,0.09641995308500702,-1.1327197352291414,0.0003840363026727408,-0.307854581781408,-0.020527916677722965,0.03292012404540175
23,12,5,Null (training mean),0.10000868480680422,0.07324492581813995,-0.6977523426855334,1.6851021809318617e-30,-0.2860902956107559,0.06814971894084738,0.06411375280787124
23,16,5,Ridge,0.1018874304041875,0.08224234016262141,-0.7621388466890615,0.002308345819731055,-0.3230717372987918,-0.08078133011695465,0.04548941721194834
23,16,5,Null (training mean),0.1127069186411127,0.08506099601922813,-1.1562547019922826,,-0.2883925418683511,0.06338618273426652,0.08253293749707748
23,20,5,Ridge,0.10108122704533697,0.07660272786147689,-0.7343626685579661,8.595035358560499e-07,-0.30286362184809495,-0.0022006284648447014,0.05723699496999239
23,20,5,Null (training mean),0.11614177759002493,0.08932255441769756,-1.289685553212565,1.6851021809318617e-30,-0.28894787169851643,0.06216979569327733,0.087165066191066
23,24,5,Ridge,0.10218389345480856,0.07649931623559321,-0.772408397818422,0.0003334809485769114,-0.31401484498939086,-0.04828732275991599,0.060219961052279135
23,24,5,Null (training mean),0.11780501791028353,0.09135038119137885,-1.3557352779185323,1.857825154477377e-30,-0.28920870350927114,0.06158845393760998,0.0893692257276761
23,27,5,Ridge,0.10226842711234808,0.07427429926097809,-0.775342130985512,0.003771344382909313,-0.34821937890409643,-0.19017164644367368,0.0609891243168685
23,27,5,Null (training mean),0.11356992968575287,0.08614170142201172,-1.1894025532399932,1.857825154477377e-30,-0.2885342864263206,0.06307840156663258,0.08370761728271181
24,8,5,Ridge,0.16407025032565734,0.12388203935069267,-0.6965891241123021,0.07117226713895801,-0.33322461607105247,-0.47752217017512333,-0.03702050378661064
24,8,5,Null (training mean),0.12882393641192505,0.09839481376519454,-0.045948083129001116,2.731115084724842e-32,-0.2018814296659882,0.048565678955164206,-0.027000711000627047
24,12,5,Ridge,0.16790146619679872,0.13358054399540253,-0.7767485696350733,0.08992381544974798,-0.3962881067331645,-0.6500734109757494,-0.06751661570187496
24,12,5,Null (training mean),0.1379762247013243,0.09403954951621031,-0.19984601238980315,,-0.19906614730289848,0.05372300273195365,-0.05631048201450607
24,16,5,Ridge,0.14527282941319475,0.10386242559440326,-0.33010457599835763,0.003418802487761554,-0.2873902314255491,-0.26621137927464944,-0.0637547566734691
24,16,5,Null (training mean),0.12939962111840336,0.09786977665170586,-0.055317176121662426,2.731115084724842e-32,-0.20163936655117676,0.04903678770952528,-0.029625896568070447
24,20,5,Ridge,0.13971505836080228,0.10024638768802918,-0.2302784880141875,0.0008186966238768565,-0.19352732718832558,0.0780754960010219,-0.04307569942609324
24,20,5,Null (training mean),0.12698562602810254,0.10057762154300834,-0.016309829346422555,2.731115084724842e-32,-0.20286557420866125,0.046588347275930204,-0.016086672111558162
24,24,5,Ridge,0.12955963206249752,0.08821338971982128,-0.05792872476066124,0.043075015550073564,-0.028556086533844918,0.7328633799603027,-0.03888153363615044
24,24,5,Null (training mean),0.12751576934032047,0.09982656469262778,-0.024813382920197524,2.731115084724842e-32,-0.20253103370513775,0.0472720812084764,-0.019841956363460853
24,27,5,Ridge,0.1366234830527351,0.09760960700654905,-0.17643436743098628,0.011061840283845473,-0.12735360226152193,0.3302694523450173,-0.04746780987375343
24,27,5,Null (training mean),0.12778241002532,0.0994971606525826,-0.029103717198862844,,-0.20238294982396607,0.04757084625889434,-0.021488976563686767
25,8,5,Ridge,0.20808926638142558,0.1941591205644969,-0.4471460278517869,0.0004935643373024355,-0.11494559122241553,0.14666957102648281,-0.11355288612161177
25,8,5,Null (training mean),0.20149754184990046,0.18597162511855986,-0.35691456273003386,,-0.14462552916987795,0.03724995178833134,-0.10334170791434497
25,12,5,Ridge,0.2447498793202206,0.2225263848889264,-1.0019718723648663,0.00024993449270417254,-0.16452437458665473,-0.03370563260108707,-0.15150655782091293
25,12,5,Null (training mean),0.21837609297013527,0.2039409224579889,-0.5937609512381641,1.1781790978018251e-32,-0.14244488192148105,0.04095435865619997,-0.13329053681339337
25,16,5,Ridge,0.15573457704384153,0.12579845934280656,0.18944387085299808,0.33534680439315506,0.1869458981029923,1.645443312612893,-0.0531199326900847
25,16,5,Null (training mean),0.19475247464754777,0.1776549530882125,-0.26759047838293193,1.1781790978018251e-32,-0.1455740611377028,0.03547643745924049,-0.089480587863766
25,20,5,Ridge,0.15109872701454724,0.11489723731280624,0.2369823050914701,0.3042533443571106,0.13107260707324964,1.5555434883154542,-0.02918392787683787
25,20,5,Null (training mean),0.19421505700770206,0.17694947999137678,-0.2606043225795034,1.1781790978018251e-32,-0.14565266228668297,0.03532433585563209,-0.08830479936903984
25,24,5,Ridge,0.15171574514708822,0.12284345868936992,0.2307379505577838,0.39827878166913117,0.23787503050814407,1.9516257955520975,-0.046687027080655696
25,24,5,Null (training mean),0.19578603549568838,0.17899160859856952,-0.28108050832084763,,-0.14542432865718768,0.03576391799760446,-0.09170834704769444
25,27,5,Ridge,0.15141606862007786,0.12215101290679214,0.23377391893588528,0.4019810854075898,0.23700067467768549,1.9462048141334916,-0.046797372962663765
25,27,5,Null (training mean),0.19584012153909436,0.17906085482463735,-0.2817884050440784,1.1781790978018251e-32,-0.1454165429895578,0.03577878586175391,-0.09182375742447413
26,8,5,Ridge,0.17276486511483918,0.141571557729793,-0.6407256090001296,0.18374298141732245,-0.4375994661050194,-1.4485658459044723,-0.07380985618328323
26,8,5,Null (training mean),0.1477211891135357,0.11638341527556266,-0.19952884476697053,1.3523611620167546e-31,-0.13008910521292286,0.025406217290275975,-0.060247674894436644
26,12,5,Ridge,0.16186787862653904,0.1167639603618587,-0.44027842812236684,0.029141417906068993,0.04319245770070226,0.7843709565892846,-0.09219280008971045
26,12,5,Null (training mean),0.17018099872176073,0.1259249269535871,-0.5920153174951892,1.357036564448967e-31,-0.1277633957796921,0.0305135496313652,-0.10377767073414532
26,16,5,Ridge,0.15280203652567856,0.1087258224621776,-0.2834631113578281,0.06885284185715408,0.07177034300349093,0.9615291894355672,-0.08004526702631581
26,16,5,Null (training mean),0.15859000594659933,0.11897080566124608,-0.3825369166571786,1.357036564448967e-31,-0.12889859084406988,0.028160689082024917,-0.0834207564291475
26,20,5,Ridge,0.18660448685559172,0.13206381774485765,-0.9141204799765814,0.012845822018986595,-0.052224479707740655,0.31771844037995195,-0.12564036634151007
26,20,5,Null (training mean),0.18057500472189944,0.13318585921642193,-0.7924224537363207,1.3523611620167546e-31,-0.1267983540926771,0.03234825590463609,-0.12006483643174948
26,24,5,Ridge,0.1774440637685592,0.12492862435905264,-0.7308046603675888,0.08701544844752855,0.06325972980663208,0.7732453649364999,-0.12141443371395366
26,24,5,Null (training mean),0.18726151871298977,0.13777757627937062,-0.9276233942831484,,-0.12619206599363147,0.03343523568766577,-0.12990423013806812
26,27,5,Ridge,0.17529567060917475,0.11974158933624253,-0.6891471558256572,0.06284816074960596,0.008614022118791108,0.576185391300301,-0.11428711810717845
26,27,5,Null (training mean),0.1769511434446477,0.13060867818457017,-0.7212020419603129,1.3523611620167546e-31,-0.12713104957653346,0.03173104662441177,-0.11454230564921
27,8,5,Ridge,0.29392597037288504,0.2102858843259429,-0.2635136631578032,0.007262873503178559,-0.28782926440992446,0.25694482508719085,0.11983839452260878
27,8,5,Null (training mean),0.2971268338025489,0.2403879546784331,-0.2911829170217797,3.1837579606333944e-31,-0.3319924070667715,0.06799815589862711,0.14110127418532875
27,12,5,Ridge,0.27778805767173387,0.20347005607196653,-0.12857691756995449,0.11516510229243715,-0.12016330089243993,1.040971697233179,0.12904886625399287
27,12,5,Null (training mean),0.2906899778688137,0.23756524101728999,-0.2358453815764303,2.4169220318738375e-31,-0.33009769898098573,0.07226894122919589,0.1269877058796134
27,16,5,Ridge,0.2750599640586911,0.21032521303596108,-0.10651876938467608,0.19067905141953564,0.2386072991053077,2.630841686336996,0.12373718210676347
27,16,5,Null (training mean),0.2820514047967379,0.23331310989556978,-0.1634843755640618,3.1837579606333944e-31,-0.32705127536488343,0.0785553062216765,0.1057270502710121
27,20,5,Ridge,0.27496873015282025,0.2112502299394613,-0.1057848546011042,0.2091844195162225,0.23906629123663775,2.663838166675916,0.12631701162189035
27,20,5,Null (training mean),0.283417354507726,0.23403146991640597,-0.1747809650807075,3.1837579606333944e-31,-0.32758167427525986,0.07750609623951975,0.10931885037519312
27,24,5,Ridge,0.27973057175316773,0.21553490984611876,-0.1444159110794141,0.23473334251759873,0.18733364957012974,2.600608547502392,0.14087023938350143
27,24,5,Null (training mean),0.29136376327810193,0.23787221832569116,-0.24158111169509988,2.4169220318738375e-31,-0.33030879390079065,0.07180817013446762,0.1285225924216192
27,27,5,Ridge,0.27963630041786797,0.2121126353521579,-0.14364468728172808,0.2816519649364547,0.21120254552086493,2.780394401572737,0.1455444298631914
27,27,5,Null (training mean),0.29445120765213983,0.2392429489807561,-0.26803342325059587,3.1837579606333944e-31,-0.33123645326733225,0.06973966077712776,0.13537624569694404
28,8,5,Ridge,0.30052282845983264,0.21278420528353867,-0.5359630384184035,0.01529476362333099,-0.21871134234624506,0.7843695855379239,0.1798492609020479
28,8,5,Null (training mean),0.2903155013529536,0.21988097500719572,-0.4333963050702685,,-0.3461671255896842,0.06938542740523507,0.15963557739881198
28,12,5,Ridge,0.2745125211050038,0.1970139137886974,-0.28159305779702937,0.06401930321188395,0.20993842258303957,2.561691485772113,0.13756033412863855
28,12,5,Null (training mean),0.2711571705399794,0.20551313116224587,-0.2504548535140436,,-0.3406611272551139,0.08132307282448781,0.12135336163816295
28,16,5,Ridge,0.27851936288845675,0.19430341136180437,-0.31927889727793346,0.19573566640202494,0.06830036030881702,2.1848209054259113,0.1640059581694326
28,16,5,Null (training mean),0.28554380918690925,0.2162436172690082,-0.38666427570118156,2.3291839013808244e-32,-0.3449642918466663,0.07219794839832282,0.1507836006023379
28,20,5,Ridge,0.2690688011358866,0.18846408653304483,-0.23126778568861583,0.2412891480319042,0.23943062389331313,2.825096535522338,0.1478676635288718
28,20,5,Null (training mean),0.27896934371841203,0.210961415338596,-0.3235452417280469,2.3291839013808244e-32,-0.3431410639216542,0.07622741268335008,0.1379286844000073
28,24,5,Ridge,0.26343716899841946,0.1856846480360248,-0.1802660930856903,0.36147697796448247,0.25207121428100476,2.9213618486697794,0.15053340120263378
28,24,5,Null (training mean),0.2783045694538258,0.21047807811203192,-0.31724483275484316,2.3291839013808244e-32,-0.3429445117620381,0.07664656933185171,0.13657913685667616
28,27,5,Ridge,0.26978959397932994,0.18777009661229283,-0.2378733655701395,0.28927992596978425,0.07769678914173267,2.1995897004548146,0.16105052966711256
28,27,5,Null (training mean),0.2862690479187295,0.21680612639048502,-0.39371706217393676,,-0.3451531498004998,0.07176498137642279,0.1521525387298258
29,8,5,Ridge,0.2645956834282319,0.19860840506135558,-1.0040101410762956,0.2078870361710589,2.002120872321735,10.132496922283265,0.19088812350789572
29,8,5,Null (training mean),0.27917802623184335,0.2133146476070963,-1.2309861290143669,7.666523618311081e-32,-0.4104892645351618,0.09180352934417907,0.20737642201406423
29,12,5,Ridge,0.2738150873013916,0.20709059792145487,-1.14609604181781,0.0026499238225191186,-0.22785159082473727,0.8806808226771067,0.20032520781021157
29,12,5,Null (training mean),0.27772273599840525,0.21157567618003545,-1.2077875260491209,7.666523618311081e-32,-0.4101447326342039,0.09253173643911299,0.20541306717705998
29,16,5,Ridge,0.27870998057653557,0.21452077417463575,-1.2235118441041983,0.06661947656255102,0.10258513400424571,2.4187189872329875,0.21040557469420895
29,16,5,Null (training mean),0.2873550756516093,0.22295463560919712,-1.3635900353167734,7.666523618311081e-32,-0.41235455566317397,0.08773268263238229,0.21826027943579088
29,20,5,Ridge,0.30031774112306314,0.2377428523643672,-1.5816441674512758,0.0008139973520743459,-0.40598430021531423,0.12591950115468772,0.2321928620789319
29,20,5,Null (training mean),0.30369069828211503,0.24164192473332802,-1.6399602358933127,7.666523618311081e-32,-0.4157483917081118,0.07968306707773308,0.23935883167271288
29,24,5,Ridge,0.29029869440239453,0.22384922410634767,-1.4122625268138878,0.0006271780463307375,-0.4560747806146777,-0.11742637221333947,0.21765972377722717
29,24,5,Null (training mean),0.2923159180524217,0.22870394184572904,-1.4459035990238664,,-0.4134303803954795,0.08527793591043259,0.22475143163832698
29,27,5,Ridge,0.2914066045323099,0.22467617382615293,-1.4307102153821036,0.003737768133730291,-0.5083985255431633,-0.3662740427847429,0.2197636380978514
29,27,5,Null (training mean),0.30123597358122217,0.23887650205937325,-1.5974552446248662,,-0.41526509436039993,0.08088699948384988,0.23623658026663488
30,8,5,Ridge,0.2784381910781595,0.21450362989286964,-0.09888071220328021,0.16706485941948984,0.8080541348556212,5.038420378256233,0.10578571785586868
30,8,5,Null (training mean),0.30028631247013665,0.2343678426882417,-0.27809759309989124,2.3614328199560645e-32,-0.32026590617908235,0.061491027005279524,0.14007226242967233
30,12,5,Ridge,0.2738738407956327,0.21190294494043754,-0.06314878720370798,0.23577524184956986,1.4799813132184678,7.564758393071284,0.09253333275782456
30,12,5,Null (training mean),0.2935226332633932,0.22830517509023288,-0.22117001855525897,2.3614328199560645e-32,-0.3184080621722692,0.0659603267161787,0.12491559343465027
30,16,5,Ridge,0.2848663616445147,0.22059440615814674,-0.15020507858530374,0.4643717031063488,3.5238943036563604,18.082592090537748,0.11883026781304225
30,16,5,Null (training mean),0.3001168910958508,0.2342224130074364,-0.2766557960105036,2.3614328199560645e-32,-0.32022274776378173,0.06159916532316242,0.1397086882276591
30,20,5,Ridge,0.2784245637484878,0.2107393312222153,-0.09877315193485403,0.26356599645264955,2.3742177511013547,11.666383435976288,0.10009883836193166
30,20,5,Null (training mean),0.29262142360247445,0.22745214049752846,-0.2136827545319242,,-0.3181371484263767,0.06658266013189816,0.12278300695288917
30,24,5,Ridge,0.2763032895183058,0.20485175878776837,-0.08209416255770363,0.1374714608303079,0.7430111470982012,4.588423372430837,0.09776875018240504
30,24,5,Null (training mean),0.2944586587904967,0.2291787189620904,-0.22897090838493517,2.3614328199560645e-32,-0.31868308504195975,0.06532134037458406,0.127099453114294
30,27,5,Ridge,0.2744570011078257,0.20365399271256268,-0.06768113863951086,0.21870506172690782,1.0106356308575766,5.745629177462684,0.09838013723056227
30,27,5,Null (training mean),0.2910397858647066,0.22592469390694506,-0.20059814422470668,2.3614328199560645e-32,-0.31764629422665747,0.0676928990360636,0.11896439047643076
31,8,5,Ridge,0.13248787919198385,0.11335727367594277,-0.29191253215955526,0.5257357781502956,0.48832495233816436,3.394549899419323,0.08691860635147644
31,8,5,Null (training mean),0.17659558850434917,0.15117001814847086,-1.2953055961534194,4.217338211730612e-33,-0.31522546595368,0.061307320829879386,0.1326617474151597
31,12,5,Ridge,0.17804671314372378,0.15818343323947637,-1.3331826392404813,0.2574896303758536,0.11160552635214147,2.3819568072149804,0.14294977928033362
31,12,5,Null (training mean),0.18371685845418273,0.15842511655431069,-1.4841558308842324,4.217338211730612e-33,-0.31630635217663117,0.05856265315670986,0.1420035965330471
31,16,5,Ridge,0.20768904187975176,0.18474771447478255,-2.174738659091877,0.060218310216940595,-0.23063107606944935,0.6278940653124061,0.17343213476698957
31,16,5,Null (training mean),0.19238841669627132,0.16746033342656547,-1.724197912869578,4.217338211730612e-33,-0.31752539138682456,0.05527862155629655,0.1530569835941645
31,20,5,Ridge,0.1936264241798819,0.16561688656991883,-1.75937080554033,0.0005943433974217644,-0.337707299089578,-0.05820531904908684,0.14575069791590115
31,20,5,Null (training mean),0.1877470266707305,0.1625606739224964,-1.594340351164969,4.217338211730612e-33,-0.31688545871008816,0.05702940406275513,0.14718044493663618
31,24,5,Ridge,0.1705014272819195,0.14459090945421968,-1.139621003748891,0.011913861850786604,-0.25399808244109706,0.358303618579467,0.12299005409417552
31,24,5,Null (training mean),0.17907713185990512,0.15372190680827613,-1.3602666764691542,,-0.31561086949998124,0.060345218486511525,0.13594762411758451
31,27,5,Ridge,0.1547531049237159,0.1272659819739301,-0.7626235060296889,0.04630171264632933,-0.17211711941183544,0.6955577023150196,0.10426042215455084
31,27,5,Null (training mean),0.16243502510238142,0.1360007871709603,-0.9419595278102781,4.217338211730612e-33,-0.31282042128406223,0.06694966877302787,0.11312946003609091
32,8,5,Ridge,0.1669308106051387,0.13840924539874955,-0.5451138318776683,0.003037951110833519,-0.28966513816408485,-0.08679312090960663,0.03599130768716134
32,8,5,Null (training mean),0.1440602384015593,0.13032707295436294,-0.15073609045869785,3.8444167622104922e-31,-0.2572622621915236,0.05589461484105464,0.05213926271506371
32,12,5,Ridge,0.14111294527154705,0.1081228329189197,-0.10413248770862804,0.02830463393831221,-0.18316763204681696,0.3550993434370676,0.026548398663663545
32,12,5,Null (training mean),0.14390398207181712,0.13011436158950382,-0.14824113024242358,3.8444167622104922e-31,-0.25721596948452646,0.055996008879179715,0.05170596178664698
32,16,5,Ridge,0.13502129391273096,0.10450251308324061,-0.010862316164270025,0.03178691952762019,-0.14419427835254786,0.4634211582967093,-0.0007842826300838537
32,16,5,Null (training mean),0.13749474355886293,0.11932747119491718,-0.04823743780108947,3.8444167622104922e-31,-0.25474391260303425,0.061115948907922275,0.02949499846539767
32,20,5,Ridge,0.12662656786815085,0.09549416376538053,0.11092756131992187,0.11589792004820419,-0.040991036496320715,0.868721279741252,0.006473560178890471
32,20,5,Null (training mean),0.1396264695712244,0.12349355027230259,-0.08099326957297515,3.8444167622104922e-31,-0.25573777109042845,0.05912329841373125,0.038219123918274076
32,24,5,Ridge,0.12629240608025008,0.09372853333407441,0.11561381368881163,0.12380960291563614,-0.02225346085724138,0.9601609115853567,0.01199857074763129
32,24,5,Null (training mean),0.1390078949037022,0.12235189355693527,-0.07143643026146629,,-0.25547568510887664,0.059656840980464754,0.03589352690548876
32,27,5,Ridge,0.1286181890476658,0.10993312396701735,0.08274041943062449,0.1703209140496112,0.14435974841465704,1.7425946610827714,0.031963799875579874
32,27,5,Null (training mean),0.1415357918592457,0.12667200041971302,-0.11075949358061932,3.8444167622104922e-31,-0.25645636624536794,0.057628970723221984,0.0446937445889249
33,8,5,Ridge,0.21756595520682276,0.1927969997573336,-2.2840005184707644,0.0019255696507002723,-0.24073387505007107,0.15121741067709568,0.1790934385679506
33,8,5,Null (training mean),0.1735476362943705,0.15680070785400965,-1.0895787709009905,5.051878599097408e-32,-0.2477574446733347,0.031315578297477054,0.1253194977798805
33,12,5,Ridge,0.14848652661825423,0.1094883588345548,-0.5296618597106493,0.2585217227921702,-0.640939979219342,-1.417540978020692,-0.022861541707013447
33,12,5,Null (training mean),0.12212624156912802,0.09616416961273731,-0.03475926873470292,,-0.23913852847040235,0.054842185118985406,0.022383327282586265
33,16,5,Ridge,0.15437891567926196,0.11040148433946899,-0.653473785315789,0.09750045108962446,-0.44068573106362163,-0.6453512703667127,-0.04110184664138389
33,16,5,Null (training mean),0.1207701816107652,0.0912134938117289,-0.011907419332423563,5.051878599097408e-32,-0.23815573344761262,0.056827483165508924,0.01310081015569547
33,20,5,Ridge,0.1412142058045331,0.09968866661387765,-0.383496666877573,0.06904163590784863,-0.4629011204046912,-0.7433355164973872,-0.03238961849858146
33,20,5,Null (training mean),0.12016628302842754,0.0881666508666472,-0.001812847914091309,,-0.23728546158625627,0.0585155101014257,0.005111754816744635
33,24,5,Ridge,0.13314089751612243,0.0941516991997833,-0.22982778855622898,0.0662175732706747,-0.522113588822205,-0.9930985633949871,-0.02056146765216713
33,24,5,Null (training mean),0.12127804171575846,0.0933798287158198,-0.02043581495803659,,-0.23858958820098025,0.055961885545290024,0.017162688100865926
33,27,5,Ridge,0.1289928873067666,0.09117483207988353,-0.1543908324603518,0.05978836043342105,-0.5740616084174228,-1.2103900179936424,-0.014600196485015756
33,27,5,Null (training mean),0.12237963500050736,0.09688078375895574,-0.03905766050128667,5.051878599097408e-32,-0.23927821363166715,0.05455271289972725,0.023726978806745784
34,8,5,Ridge,0.21938345688991,0.17323251294103365,0.0014672157121458085,0.011686121097905596,-0.08009609603152026,0.5492698717702477,-0.010642092733045186
34,8,5,Null (training mean),0.22012094955685776,0.18319825082041685,-0.005257524591812057,3.531644538625536e-32,-0.18286698942930588,0.03777860200947513,-0.01591891147676111
34,12,5,Ridge,0.2201165319710795,0.1717754391008493,-0.005217176167076065,0.02001993139686308,-0.0829406163069594,0.5141929167456355,-0.018843206009965443
34,12,5,Null (training mean),0.22170871322538283,0.18375317956045847,-0.019811958118372663,3.531644538625536e-32,-0.1817487573106635,0.04027074119963911,-0.03090198745788504
34,16,5,Ridge,0.22848210554933376,0.17129625622749195,-0.083076073886299,0.0029263663881428036,-0.13148106075364893,0.243191694096899,-0.052719155446191254
34,16,5,Null (training mean),0.22654956670665644,0.18470569771526713,-0.06483189022186608,3.531644538625536e-32,-0.1797436512034718,0.0443198178619479,-0.05590067516377606
34,20,5,Ridge,0.22227081726923684,0.16317272601061464,-0.024989626539138277,0.0259704098503459,-0.05149301250619449,0.5948345965656286,-0.04330709971492419
34,20,5,Null (training mean),0.2245552338705612,0.18435578627261354,-0.04616681837284475,2.1253430347416254e-32,-0.18046294153099973,0.04292203912034259,-0.04717236868607175
34,24,5,Ridge,0.22368514893459635,0.16114343354370408,-0.038075352488179615,0.03462169943414342,-0.0564026665244349,0.5587488123207499,-0.049631326559227654
34,24,5,Null (training mean),0.2273912032906191,0.18487778031574142,-0.07275833379578556,3.531644538625536e-32,-0.1794649063470815,0.04484668370383904,-0.05921941103006607
34,27,5,Ridge,0.22370452050366993,0.16147134693607648,-0.03825515896380649,0.02946016957510167,-0.05917286084306101,0.5506232810889007,-0.04814645541294389
34,27,5,Null (training mean),0.22486408830293256,0.18440945294849517,-0.0490466039748676,2.1253430347416254e-32,-0.1803449319089747,0.043155291083648455,-0.048621368934875696
35,8,5,Ridge,0.12688822667556215,0.10431886022767899,-0.195703220175786,0.20769263747420938,-0.7036235626850662,-2.56225504990292,0.005124906554293256
35,8,5,Null (training mean),0.11699763214943401,0.0984924991117537,-0.016564379064906154,1.782242485156614e-32,-0.19222773807596025,0.041548662942278256,-0.014934724264677996
35,12,5,Ridge,0.12160986326445877,0.09668349895130582,-0.0982933228432814,0.010177030050181812,-0.29735740895734414,-0.4583539545431248,-0.008562495543923696
35,12,5,Null (training mean),0.1177320658800582,0.0980681333574491,-0.029367074015218764,1.4975787548885443e-32,-0.19183100993773125,0.04241265559851392,-0.019885658064898244
35,16,5,Ridge,0.12131534989826707,0.09247198023309265,-0.09298009615995162,7.978906964271728e-05,-0.19468740426609582,0.03046405050203414,-0.012840262579301605
35,16,5,Null (training mean),0.11862192917814283,0.09766299813840967,-0.044986568905799995,,-0.1914454523735058,0.04323229297241142,-0.024612235620358042
35,20,5,Ridge,0.13231347184846654,0.09767922945806691,-0.30013626858297227,0.03565187758555669,-0.31772138597772076,-0.5235174076775114,-0.02135021736238616
35,20,5,Null (training mean),0.12706018311849895,0.0958479268059885,-0.19894620333507973,,-0.18910688036238832,0.04783764579410355,-0.05175799642948107
35,24,5,Ridge,0.10837921479293655,0.08253978081465864,0.12768619931652525,0.12780608912363955,0.003027721758563016,1.008949500218028,-0.0012161253308183408
35,24,5,Null (training mean),0.11815684589259837,0.09786436288066146,-0.036808434490919195,,-0.1916379118703988,0.04282554787216895,-0.022262980294087503
35,27,5,Ridge,0.1067188317470291,0.07699043053066086,0.15420937362117204,0.16029367542700604,-0.007018511071549097,0.9269784991093615,-0.008278522905719251
35,27,5,Null (training mean),0.12153617679953428,0.0966754463548701,-0.09696275915910446,1.4975787548885443e-32,-0.19047832245789206,0.045208479368565584,-0.03613367309498637
36,8,5,Ridge,0.1495387835323105,0.12185635413823613,0.06656618941865888,0.3768409104089329,0.6131459724240951,3.139931216276164,-0.05692054674333842
36,8,5,Null (training mean),0.16571024717827862,0.14168929188570814,-0.14623739046403528,,-0.18994799759777986,0.04980346665261859,-0.05918903969917558
36,12,5,Ridge,0.15226182409541153,0.12268881092932586,0.032261770956546476,0.07603415219272695,-0.019650389292715505,0.7861390305461496,-0.030229665688746278
36,12,5,Null (training mean),0.15635569940438457,0.13921993022470944,-0.020477124958520054,3.004898481212884e-32,-0.1932114344279713,0.04350249072613889,-0.022148614784194727
36,16,5,Ridge,0.1427633201982099,0.11666944769237893,0.1492359693095373,0.18260049983909754,0.11126469070064655,1.4034314159373744,-0.02092414288497997
36,16,5,Null (training mean),0.1561128918816089,0.13910095413181983,-0.017310152048565675,3.004898481212884e-32,-0.19335874195329214,0.043190581714633504,-0.020363973390850998
36,20,5,Ridge,0.14560501172008536,0.11899032497019785,0.11503012318693795,0.15884819263377972,0.11137561553780959,1.3611522669881349,-0.02796120310376356
36,20,5,Null (training mean),0.1573107105984905,0.13961728946278093,-0.03298122144995075,,-0.19271263011568393,0.044538824676162415,-0.028109003355267063
36,24,5,Ridge,0.16965025874738685,0.12783303652920447,-0.2013924368374007,0.01284453155600631,-0.1319150899764464,0.27569982415381206,-0.05485081064254282
36,24,5,Null (training mean),0.1634904700504741,0.1412537153036022,-0.11573414947979455,3.004898481212884e-32,-0.19055125506713907,0.048716642942138115,-0.05265539096758612
36,27,5,Ridge,0.1647550518615771,0.11794552685131361,-0.13306107791853683,0.09740126006877875,-0.04113271645037695,0.5996504972904475,-0.06694020494703984
36,27,5,Null (training mean),0.15846994778641035,0.14001019977339743,-0.048261584450026485,3.004898481212884e-32,-0.19220922139313246,0.045555294024477555,-0.03400265801451425
37,8,5,Ridge,0.29248160528593575,0.2207301048812984,-0.6397584557313121,0.014826835762327073,-0.027009875210056756,1.8529813594869589,0.18435162756517015
37,8,5,Null (training mean),0.28949107637525834,0.21806985409348822,-0.6063978929871008,3.6916732050679616e-33,-0.3558382004365949,0.06794688512153682,0.17786375630407977
37,12,5,Ridge,0.28216413260430123,0.20706073193595997,-0.5261118991838185,0.39920246650019264,1.2585326963933348,8.571178979814869,0.1789501007950368
37,12,5,Null (training mean),0.289923513030704,0.21849163638043995,-0.6112006950648923,3.6916732050679616e-33,-0.3559302232744776,0.06771424833472846,0.17856672678233265
37,16,5,Ridge,0.26119237612600327,0.18566012386418612,-0.30768684930711987,0.2932593620683351,0.8273357052030529,5.361072390356204,0.14569522466210338
37,16,5,Null (training mean),0.2706940993627791,0.1985184636065973,-0.40456014778769345,,-0.35126089306388175,0.07851891847685273,0.1452781054925949
37,20,5,Ridge,0.2643635695739241,0.1944550726275216,-0.3396334352492265,0.2672502993566822,0.42290085119447884,3.7135420164124784,0.15561627499929098
37,20,5,Null (training mean),0.27371444491809205,0.20185027848096632,-0.43607855988057675,3.6916732050679616e-33,-0.35208303187974255,0.07674756903907895,0.1508311302832099
37,24,5,Ridge,0.26324040427926093,0.18860192755246347,-0.32827458177928115,0.23499795358499376,0.22613395774610182,2.795323423274532,0.15597619183371894
37,24,5,Null (training mean),0.27442743832412825,0.20262430437912665,-0.44356993017738056,,-0.3522716067295257,0.07633422927986351,0.15212117344681053
37,27,5,Ridge,0.27373687203903935,0.19574105157520288,-0.43631390315612717,0.037452714631466794,-0.06971066115910912,1.4100262863599737,0.15668751359845876
37,27,5,Null (training mean),0.2803187510961916,0.20885674120040681,-0.5062153280205186,3.6916732050679616e-33,-0.35375623701527914,0.07298133023964737,0.1625085681489441
38,8,5,Ridge,0.1928575097404947,0.11893874460876086,-0.19719610664811715,0.0015060439032129917,-0.11310497834328816,0.31588450693930564,-0.07716051050600574
38,8,5,Null (training mean),0.1859216032678954,0.11131188945598756,-0.1126329011004712,8.09685880635342e-33,-0.18822349929567128,0.04895933745905521,-0.059154330299787575
38,12,5,Ridge,0.1756158475675219,0.09477749034242916,0.007296405095571723,0.058785892551710434,0.08060821496318828,1.170927607548941,-0.0395061725646188
38,12,5,Null (training mean),0.17880728697298537,0.11120127093533562,-0.02911193268857315,8.09685880635342e-33,-0.1907756213198498,0.04407533555425529,-0.030073877471174532
38,16,5,Ridge,0.1835876346919474,0.10957635311233475,-0.08487334663630297,0.019886313837556586,-0.0917055730399259,0.43979799039021394,-0.04745759230122137
38,16,5,Null (training mean),0.18281806739365167,0.10789367554235768,-0.07579721022002683,8.09685880635342e-33,-0.18918315446357914,0.04719838230803998,-0.048526673047525545
38,20,5,Ridge,0.17464710311693213,0.0972623668154865,0.018218240218871307,0.04678956122597691,-0.04234276408797548,0.7019352953171456,-0.025010647946335247
38,20,5,Null (training mean),0.18008151808712733,0.10950331337200214,-0.0438316782619248,8.09685880635342e-33,-0.1901975443362537,0.045240441740213216,-0.03690183448117508
38,24,5,Ridge,0.17443728527415175,0.09370340913498869,0.02057581257739738,0.059579473724302195,-0.04603558289693388,0.6764217348299807,-0.028074501896765088
38,24,5,Null (training mean),0.18087560977270706,0.10858360726615914,-0.05305778463677613,8.09685880635342e-33,-0.18987890193370727,0.04586689610123398,-0.04060022711956514
38,27,5,Ridge,0.1740977147068939,0.08848680054799203,0.024385318237914677,0.06303554213814722,-0.04711741779125772,0.6740995087176194,-0.027258645203591954
38,27,5,Null (training mean),0.17998535454627085,0.10962073257666148,-0.04271716356624666,8.09685880635342e-33,-0.19023794788616122,0.045160226518043904,-0.03642965938158765
39,8,5,Ridge,0.11345118572853977,0.08284544467191166,0.38573215797288196,0.6791822732012709,0.5074818777954108,2.8833087075157056,-0.008786384289829568
39,8,5,Null (training mean),0.15017260688745185,0.12790742460672447,-0.07626976753058923,1.4706189898719507e-33,-0.2445956454005952,0.05284109768429221,0.03997664657156077
39,12,5,Ridge,0.13275325836609478,0.09465132727527499,0.15893399378482165,0.4163380863375576,0.7186820290407248,3.3753171933428483,-0.03275969255909912
39,12,5,Null (training mean),0.1465161336541045,0.12345356390317516,-0.02449678733129046,1.4706189898719507e-33,-0.242790110070188,0.05665630271572107,0.022656077168868992
39,16,5,Ridge,0.1280840487938757,0.09663992612443127,0.21705763007757206,0.4182731132296754,0.5681498948050888,3.0145860858581206,-0.01737996588770348
39,16,5,Null (training mean),0.14954261851783138,0.12728107604760652,-0.06725860052251664,1.4706189898719507e-33,-0.2443485663992472,0.053382904322387445,0.03754084661943546
39,20,5,Ridge,0.11822869718261068,0.08582485917863725,0.332908342965914,0.5653901678136807,0.4585753366512297,2.584896408641334,-0.020435709324252142
39,20,5,Null (training mean),0.14823849279451592,0.1258441084491208,-0.04872514888964097,1.4706189898719507e-33,-0.24377319148763832,0.0546194571284089,0.0319526392919909
39,24,5,Ridge,0.12573785405408947,0.09870041719184951,0.2454782046499695,0.45940645825091486,0.5458282122116085,3.147386102404497,0.001247563368790444
39,24,5,Null (training mean),0.1504368897481146,0.12815983680940668,-0.08006127046822731,1.4706189898719507e-33,-0.2446945725261603,0.05262227642726233,0.04095824958199159
39,27,5,Ridge,0.12815017785824467,0.10001617419377222,0.21624896401028604,0.39491113295621416,0.5249977118910107,3.054426119865987,0.00031373236091229993
39,27,5,Null (training mean),0.1475945650616226,0.12503805354250147,-0.039633900287802115,,-0.24344529449136396,0.05530910674992856,0.028817981321804652
40,8,5,Ridge,0.3190124599979856,0.26911552702572683,-0.5919297079062371,0.10157203021606696,-0.9980131205378753,-2.9573412117393025,0.1808511961075731
40,8,5,Null (training mean),0.31818175199530524,0.26894272770910244,-0.583649736981219,,-0.37326916016964734,0.07248207349749793,0.19316206938173822
40,12,5,Ridge,0.3203268449428396,0.27404170052193383,-0.6050747679992092,0.02645980163235149,-0.5673806080628995,-0.8701560618827636,0.18044218110851465
40,12,5,Null (training mean),0.32421351150579936,0.2748120215635972,-0.6442612245763693,,-0.3746060453792416,0.06907721732655599,0.20294422580589616
40,16,5,Ridge,0.31466332909873557,0.2637322804785023,-0.548819691436851,0.03760897765931571,-0.6951654321930211,-1.449612083890672,0.1749963097252864
40,16,5,Null (training mean),0.3140476170908308,0.2648096613616162,-0.5427643694620876,1.2050611133724264e-32,-0.37229236210798844,0.07485691215730163,0.18627362546926116
40,20,5,Ridge,0.3092865126356659,0.25491692269454497,-0.4963409409100179,0.03610829569734175,-0.657547250541788,-1.1996244538219567,0.16210387587141764
40,20,5,Null (training mean),0.3135884156619578,0.2643445192549605,-0.5382559979730501,,-0.3721806269585471,0.07512297367951981,0.18549838862483495
40,24,5,Ridge,0.31290165092271927,0.2601028991000396,-0.5315257545300001,0.057666030837547,-0.6958759754002937,-1.3774214728714242,0.16335133188279075
40,24,5,Null (training mean),0.31886772307931827,0.2696194528310285,-0.5904855089456409,,-0.3734263291414551,0.07209141455283744,0.19428994458494836
40,27,5,Ridge,0.3101671465334951,0.2541158096984398,-0.5048741584332919,0.04484660090605176,-0.626113600469688,-1.0269208414400084,0.15483349206942643
40,27,5,Null (training mean),0.3129821105433632,0.2637284266602417,-0.5323134897435065,,-0.37203207291654017,0.07547499906091774,0.184471567633637
