Feature,Mean_absolute_contribution,Mean_signed_contribution,Positive_fraction,Q025,Q975
Adjusted,0.025968173989674152,5.108388150115751e-18,0.17268668831168835,-0.015694280282206787,0.07518869648714113
Log_N,0.020390395093163562,-3.746151310084884e-18,0.36011904761904767,-0.04963629888920803,0.05526036720396494
EF_Measure_Type,0.019528025993094104,-1.326052423967547e-17,0.6574404761904762,-0.02850311352597578,0.014851554399455898
Age_Mean_years,0.013312143429518041,-1.5325164450347254e-17,0.25000000000000006,-0.018742586844550164,0.04278348291361701
Study_design,0.01278824028313555,1.1238453930254652e-17,0.3046875,-0.009196037956412073,0.022568507355242982
Year,0.01192961869621478,-2.0433552600463005e-18,0.03125000000000001,-0.008389108679614956,-0.0022771477560477355
EF_Domain,0.006538359899012334,9.36537827521221e-19,0.5973800505050505,-0.00811976642887929,0.010218952078503749
Region,0.004413058762331561,5.108388150115751e-19,0.59375,-0.0053745926545592715,0.00758184247477148
Screen_Category,0.0036546411282294628,-1.362236840030867e-18,0.39667884199134207,-0.008573451385152645,0.004980101176992092
Screen_Nature,0.0025914587249370826,-2.7670435813126983e-18,0.26812770562770566,-0.0030962011926816526,0.004762212789603631
