Group,Year,Log_N,Age_Mean_years,Region,Study_design,Screen_Category,Screen_Nature,EF_Domain,EF_Measure_Type,Adjusted
ABCD,-0.007960199141119012,0.052090617078937806,0.017668995187935046,0.0014613369061587174,-0.009196037956412073,-0.008573451385152645,-0.00047829189254832804,0.005586012053405852,0.014851554399455898,0.07518869648714113
All Our Families,-0.005333128217831346,0.04256925568580301,-0.00804213209851299,0.0014613369061587174,0.022568507355242982,-0.0003046347307475584,-0.0030962011926816526,0.0022305166128307376,0.006180620814369563,0.07518869648714113
PACE,-0.006351788371759216,-0.009144645886965608,-0.007844577020180932,0.0014613369061587174,0.022568507355242982,-0.0010506549174139177,-0.0004771203720770006,0.006723750454265977,0.014851554399455898,0.07518869648714113
PSKC,-0.006861118448723151,0.037684425739543996,-0.00804213209851299,-0.0053745926545592715,0.014627371027329219,-0.0003046347307475584,-0.0005284561457118556,-0.00811976642887929,-0.02850311352597578,-0.015694280282206787
Report-004,-0.008389108679614956,-0.0028718785534659575,-0.0023660147093836226,0.00758184247477148,-0.009196037956412073,-0.0003046347307475584,-0.0030962011926816526,0.006723750454265977,0.014851554399455898,-0.015694280282206787
Report-005,-0.007879778602651022,-0.008575889779561746,0.029307243659394095,0.00758184247477148,-0.009196037956412073,0.004031747872837136,-0.0004782918925483281,0.0046169818198386215,-0.02850311352597578,-0.015694280282206787
Report-006,-0.006861118448723152,-0.02274684132693845,-0.018742586844550164,0.00758184247477148,0.022568507355242982,-0.0008471948665049104,0.0038093937564850928,0.0026755185770445406,0.0148515543994559,0.02561616370386045
Report-010,-0.007370448525687086,-0.014214716731306075,-0.00804213209851299,0.0014613369061587174,-0.009196037956412073,-0.008573451385152645,-0.00047829189254832804,-0.00811976642887929,0.014851554399455898,-0.015694280282206787
Report-013,-0.007370448525687086,-0.005645795499574312,-0.009678729137523661,-0.0053745926545592715,-0.009196037956412073,0.0014569439051656582,-0.00047672986525322476,0.010218952078503749,0.014851554399455897,-0.015694280282206787
Report-016,-0.007370448525687086,-0.020193703509264985,-0.00804213209851299,-0.00793135294582224,-0.009196037956412073,-0.0003046347307475584,-0.0030962011926816526,-0.00811976642887929,-0.02850311352597578,-0.015694280282206787
Report-017,-0.005842458294795281,0.011585397555748656,0.0298807006489355,0.00758184247477148,-0.009196037956412073,0.004031747872837136,-0.00047829189254832804,0.006723750454265977,-0.02850311352597578,-0.015694280282206787
Report-020,-0.006351788371759216,-0.00933690167054835,-0.004854408431857915,0.0014613369061587174,-0.009196037956412073,0.004980101176992092,0.004762212789603631,0.004178342747802212,0.014851554399455898,0.07518869648714113
Report-026,-0.005333128217831346,0.023710251728469182,-0.00804213209851299,-0.0053745926545592715,-0.009196037956412073,-0.0017966751040802767,0.0021419604485276513,-0.00811976642887929,0.014851554399455898,-0.015694280282206787
Report-032,-0.0027864778330116704,0.009449264596188925,-0.00804213209851299,0.0014613369061587174,0.022568507355242982,0.004980101176992092,0.004762212789603631,-0.00811976642887929,0.014851554399455898,-0.015694280282206787
Report-033,-0.0022771477560477355,0.017702201168352694,0.030658963706170255,0.00758184247477148,-0.009196037956412073,0.004031747872837136,-0.000478291892548328,0.006495805627310297,-0.0037290175685862495,-0.009202639084396221
Report-034,-0.0022771477560477355,-0.006802766497831615,-0.00804213209851299,0.0014613369061587174,-0.009196037956412073,0.004980101176992093,0.00476221278960363,-0.00811976642887929,0.014851554399455898,-0.015694280282206787
Report-036,-0.00023982744819199542,-0.017256765122268657,-0.017576278670076946,0.0014613369061587174,0.022568507355242982,0.004980101176992092,0.004762212789603631,0.0010495928248122292,-0.02850311352597578,-0.015694280282206787
Report-040,-0.008389108679614956,-0.01205795828514965,-0.00804213209851299,0.0014613369061587174,0.022568507355242982,-0.0003046347307475584,-0.0030962011926816526,-0.00811976642887929,-0.02850311352597578,-0.015694280282206787
Report-047,-0.005842458294795281,-0.008575889779561746,-0.008213227942028976,0.0014613369061587174,-0.009196037956412073,-0.0003046347307475584,-0.0030962011926816526,0.0032285488300282054,0.014851554399455898,0.07518869648714113
Report-060,0.1908738991394364,-0.009159999639069584,-0.00804213209851299,-0.0053745926545592715,0.014852956263517928,0.0023377332231222666,0.0021419604485276513,-0.00811976642887929,0.014851554399455898,-0.015694280282206787
Report-072,-0.007879778602651022,0.028697144401861514,0.0012078511718654657,0.00758184247477148,-0.009196037956412073,-0.0015835264793184597,0.0013936516426406081,0.0052135981215905925,0.014851554399455898,-0.015694280282206787
Report-077,-0.006861118448723151,-0.0028718785534659575,-0.00804213209851299,-0.00793135294582224,-0.009196037956412073,-0.0003046347307475584,-0.0030962011926816526,-0.00811976642887929,0.014851554399455898,-0.015694280282206787
Report-079,-0.006861118448723151,0.018375687128127205,-0.00804213209851299,-0.0053745926545592715,-0.009196037956412073,-0.008573451385152645,-0.00047829189254832804,-0.00811976642887929,-0.02850311352597578,-0.015694280282206787
Report-080,-0.007370448525687086,-0.016664208368115475,0.025462174904634753,-0.0053745926545592715,-0.009196037956412073,-0.0003046347307475584,-0.0030962011926816526,0.010218952078503749,0.014851554399455898,-0.015694280282206787
Report-087,-0.005842458294795281,-0.04378853318400802,0.04278348291361701,-0.0053745926545592715,-0.009196037956412073,0.004031747872837136,-0.00047829189254832804,0.004508824643591222,0.00039999842431200544,-0.015694280282206787
Report-089,-0.007879778602651022,0.05528127897018528,-0.00804213209851299,-0.0053745926545592715,-0.009196037956412073,-0.0003046347307475584,-0.0030962011926816526,-0.00811976642887929,-0.02850311352597578,-0.015694280282206787
Report-107,-0.005333128217831346,-0.03049237861043749,-0.00804213209851299,-0.0053745926545592715,0.014852956263517928,0.004980101176992092,0.004762212789603631,-0.00811976642887929,0.014851554399455897,-0.015694280282206787
Report-125,-0.0032958079099756053,-0.016300244407824797,0.03602488267973622,0.0014613369061587174,-0.009196037956412073,0.004031747872837136,-0.00047829189254832804,0.0032285488300282054,0.014851554399455898,-0.015694280282206787
Report-139,-0.005842458294795281,-0.033815386523519085,-0.0029838463469252386,-0.0053745926545592715,-0.009196037956412073,-0.008573451385152645,-0.00047829189254832804,0.004178342747802212,0.014851554399455898,-0.015694280282206787
Report-144,-0.007370448525687086,-0.007845634388930866,-0.019521936313163853,0.00758184247477148,0.022568507355242982,-0.008573451385152645,-0.00047829189254832804,0.004178342747802212,-0.02850311352597578,-0.015694280282206787
Report-148,-0.006861118448723151,-0.02458407181983578,-0.008622840077415688,0.0014613369061587174,-0.009196037956412073,0.0023377332231222666,0.0008330057984609891,0.0032285488300282054,0.014851554399455898,-0.015694280282206787
Report-150,-0.008389108679614956,0.0258005640844258,-0.00804213209851299,-0.001000307760067752,-0.009196037956412073,-0.0003046347307475584,-0.0030962011926816526,0.0022305166128307376,-0.02850311352597578,-0.015694280282206787
