Repeat,Fold,Model,RMSE,MAE,Predictive_Q2,Correlation_R2,Calibration_intercept,Calibration_slope,Mean_bias,Null_RMSE,Delta_RMSE_vs_null
1,1,Null (training mean),0.13789208566895167,0.11730373556183973,-0.013535240225114098,,-0.23121262151196711,0.052534801555995374,0.015935030453248407,0.13789208566895167,0.0
1,1,Ridge,0.11402544932648181,0.09549410091928608,0.30695129382499853,0.3633475926673282,0.15627178503315986,1.6495663897727777,0.0010122738444401302,0.13789208566895167,-0.023866636342469855
1,1,Elastic net,0.13789208566895167,0.11730373556183973,-0.013535240225114098,,-0.23121262151196711,0.052534801555995374,0.015935030453248407,0.13789208566895167,0.0
1,1,Random forest,0.13091920949100533,0.11232292978505583,0.086377216777619,0.12151536692558894,-0.06398248268257667,0.6946218486303136,-0.014785014337364604,0.13789208566895167,-0.006972876177946341
1,1,Gradient boosting,0.12636165514924733,0.11010100271436823,0.14888002274419943,0.24878456838919805,-0.02804149713882484,0.7653974488934598,-0.03789135115825863,0.13789208566895167,-0.011530430519704343
1,2,Null (training mean),0.20210017617913734,0.14817245302097753,-0.05186704162965938,,-0.25660739311686875,0.05765552681858374,0.044877846333659765,0.20210017617913734,0.0
1,2,Ridge,0.19154757272087544,0.13458373202271676,0.0551110519477076,0.11033457634010162,0.34322843817841814,2.5007832255559856,0.024522387073824273,0.20210017617913734,-0.010552603458261894
1,2,Elastic net,0.1958023215168787,0.13550761694877375,0.012668173572249808,0.021930870291969093,-0.09467233875604278,0.6822737621828883,0.013228601562475895,0.20210017617913734,-0.0062978546622586284
1,2,Random forest,0.2108495311881339,0.1640808713951703,-0.14491367510872322,8.073493505776097e-07,-0.2701746749053319,-0.0024889212867089975,0.023262850191866153,0.20210017617913734,0.008749355008996568
1,2,Gradient boosting,0.24683767564365033,0.21502017611430319,-0.5690990508154063,0.00812726832244825,-0.3126270114149284,-0.13990457634637482,-0.038257829949061205,0.20210017617913734,0.044737499464513
1,3,Null (training mean),0.15953198682755215,0.1207336702385762,-0.018232393942968272,,-0.2042118272732963,0.04840490901507612,-0.021347457971597136,0.15953198682755215,0.0
1,3,Ridge,0.2751761052123874,0.25522522588482754,-2.0295128605701476,0.20286021593289116,-0.07122948410395566,0.35084037237906135,-0.1960571314807409,0.15953198682755215,0.11564411838483524
1,3,Elastic net,0.24290380120992813,0.21999254188484946,-1.360586852025134,0.13720402149260266,-0.07961930384369824,0.359392972656723,-0.16291433302320898,0.15953198682755215,0.08337181438237598
1,3,Random forest,0.1707768006484699,0.11460003885722472,-0.16683408737478378,0.038902058690053684,-0.030396421742713363,0.6492514477265291,-0.06970321480479891,0.15953198682755215,0.011244813820917743
1,3,Gradient boosting,0.1939249485612887,0.1432640438817586,-0.5045919414087474,0.01786009540505754,-0.16056329285945678,0.19183108649691477,-0.07166162064281119,0.15953198682755215,0.03439296173373654
1,4,Null (training mean),0.15632494655222115,0.12328295639155723,-1.447262279402442,,-0.11924822081341423,0.029421273086855607,-0.12021582805893628,0.15632494655222115,0.0
1,4,Ridge,0.15299992116886107,0.10614796276097996,-1.3442631059675705,0.11325656737134139,-0.3710785710302283,-1.072021526605268,-0.10163330099434821,0.15632494655222115,-0.003325025383360075
1,4,Elastic net,0.15974467136646217,0.11470580938241898,-1.5555047882347561,0.09304352961279728,-0.3987924434236846,-1.1288172456120673,-0.11470580938241898,0.15632494655222115,0.003419724814241021
1,4,Random forest,0.15777578833512895,0.13189343829038502,-1.4928988441079771,0.0023778354005830403,-0.11313400212016245,0.060202246341435894,-0.09562947139490431,0.15632494655222115,0.0014508417829078024
1,4,Gradient boosting,0.14142390594159523,0.12494536569141561,-1.0029476291806558,0.04655031576920431,-0.08919224299555263,0.202842451459235,-0.05745279597564987,0.15632494655222115,-0.014901040610625915
1,5,Null (training mean),0.26697039443672094,0.19277657294045536,-0.04038916024326911,5.692920585253449e-32,-0.261563127194223,0.05802338664559182,0.05260143663000666,0.26697039443672094,0.0
1,5,Ridge,0.2386528952521402,0.14388689564868642,0.16861338691161143,0.3465067881247427,0.12199680762197192,2.0210398927306326,0.07828242744540681,0.26697039443672094,-0.028317499184580736
1,5,Elastic net,0.2337163674588428,0.1411677856218846,0.202652076232831,0.37832641102745546,-0.11458473035731824,0.9696869470223145,0.10958771681176399,0.26697039443672094,-0.03325402697787813
1,5,Random forest,0.25381846682720405,0.16646816220310962,0.059592584002321924,0.27680572195818604,0.04113920833614637,1.853781848337601,0.10420217829935287,0.26697039443672094,-0.013151927609516889
1,5,Gradient boosting,0.2765165977624036,0.1896383336600635,-0.11612290763640054,0.09894104240725525,-0.13703077265735245,0.8955197609779693,0.12099987124056959,0.26697039443672094,0.009546203325682678
2,1,Null (training mean),0.1783443238163219,0.15313607407895932,-0.03111865608788822,,-0.2435787423477052,0.054785382066203085,0.030982423477881972,0.1783443238163219,0.0
2,1,Ridge,0.1422597830644534,0.11588339271586083,0.34392370594457655,0.595431311118805,0.2035651814551784,2.206080786956522,0.047628395593828005,0.1783443238163219,-0.03608454075186851
2,1,Elastic net,0.13387594962719732,0.11035968499173368,0.4189745035682394,0.6641601721635706,0.08142480420788192,1.7404733121719358,0.06208831253896432,0.1783443238163219,-0.04446837418912458
2,1,Random forest,0.18842809895920723,0.1441121341692052,-0.1510160900460864,0.06654720757058269,-0.1628230698986929,0.4940966349536244,0.0675209959672967,0.1783443238163219,0.010083775142885332
2,1,Gradient boosting,0.2172260301444583,0.15712739186952995,-0.5297265078142559,0.06392034802420189,-0.2044675726092185,0.33754420607708313,0.10352563343832319,0.1783443238163219,0.038881706328136395
2,2,Null (training mean),0.16186104943604784,0.10821299024418732,-0.5059305499657927,,-0.14892693023068632,0.03756214506329067,-0.09381781892607871,0.16186104943604784,0.0
2,2,Ridge,0.20441065621447654,0.15625849642466585,-1.4017472652028458,7.214973038493953e-05,-0.148016409948674,0.03337338018914756,-0.15275715242079682,0.16186104943604784,0.0425496067784287
2,2,Elastic net,0.17582723391427907,0.12019386395925434,-0.7770208677248267,0.06041110498702782,0.7894813672644972,3.423177862976034,-0.11850042999874322,0.16186104943604784,0.013966184478231225
2,2,Random forest,0.17987263356202954,0.12977643948224127,-0.8597322684452424,0.10638955422979068,0.032408465436463946,0.6665883677108596,-0.12784671881936938,0.16186104943604784,0.018011584125981694
2,2,Gradient boosting,0.21486172716629712,0.18185534584754545,-1.6536177588725338,0.0030614706981911574,-0.12955325766571543,0.0923760753218183,-0.15388292356324426,0.16186104943604784,0.053000677730249274
2,3,Null (training mean),0.15826743383938355,0.1321354611489111,-0.0473469855873514,4.0767397456400756e-32,-0.1943024189288479,0.04644936036915945,-0.033650570718052664,0.15826743383938355,0.0
2,3,Ridge,0.1518079264437098,0.12349494006081126,0.0364009523274319,0.10022209317701133,0.02998928642209152,0.96303984683382,-0.039023453667207594,0.15826743383938355,-0.006459507395673747
2,3,Elastic net,0.15826743383938355,0.1321354611489111,-0.0473469855873514,4.0767397456400756e-32,-0.1943024189288479,0.04644936036915945,-0.033650570718052664,0.15826743383938355,0.0
2,3,Random forest,0.1633152325437096,0.13339906142545832,-0.11522077947125897,0.15772521122393657,0.10335883666164224,1.0793146775283686,-0.08066886415358028,0.15826743383938355,0.005047798704326062
2,3,Gradient boosting,0.16409027533413947,0.12058864517768801,-0.1258308709306759,0.16827917639821874,0.0444234298039607,0.865383201150461,-0.08328632972767198,0.15826743383938355,0.005822841494755926
2,4,Null (training mean),0.18132526615617986,0.13719281842716663,-0.021503813419103013,1.4066171760352009e-33,-0.24069474034706462,0.05458069273766182,0.026308498904759194,0.18132526615617986,0.0
2,4,Ridge,0.17540747412852906,0.11143279709362902,0.04408443205300694,0.05764247093182323,-0.05274269259175684,0.7473553772224457,-0.01497880929726131,0.18132526615617986,-0.005917792027650803
2,4,Elastic net,0.2062004693107182,0.16131844479874013,-0.32099947141870877,0.03515168022487568,-0.15288475359000675,0.3054522408899979,-0.0749235926857005,0.18132526615617986,0.02487520315453834
2,4,Random forest,0.2005011297491473,0.13666091016507986,-0.24898433999034042,0.0006761511990276054,-0.23960476497676475,0.05017100182452282,-0.015347649245826255,0.18132526615617986,0.01917586359296744
2,4,Gradient boosting,0.22019774237026613,0.1667517856873754,-0.5064303920662536,0.01615633170611175,-0.19945150903340397,0.16870499809476355,-0.06476198967230477,0.18132526615617986,0.038872476214086266
2,5,Null (training mean),0.2626536830435183,0.1693689087971438,-0.1493249672099186,5.774900798325929e-32,-0.29757662035415006,0.06454533437171624,0.0946734685181573,0.2626536830435183,0.0
2,5,Ridge,0.26167143228815276,0.15544741451556238,-0.14074473811984722,0.00640668364644171,-0.47799425702684706,-0.7234674779322366,0.08154903452137247,0.2626536830435183,-0.0009822507553655657
2,5,Elastic net,0.2644238954036437,0.16332886206033256,-0.1648694315828294,0.0017001128918783064,-0.3587380332441862,-0.2038718138104689,0.08024841103493917,0.2626536830435183,0.0017702123601253672
2,5,Random forest,0.2729896498681577,0.18230338667777915,-0.2415614346154098,0.00040676147354466074,-0.3261322312977117,-0.0656863824639661,0.0899856010428103,0.2626536830435183,0.010335966824639387
2,5,Gradient boosting,0.2782601582755344,0.16235140806515874,-0.2899649398222095,0.008693041305183839,-0.25730898585817585,0.28470592452644605,0.12096695636866743,0.2626536830435183,0.015606475232016082
3,1,Null (training mean),0.15478552522257463,0.12442404323384013,-0.7595277746930371,,-0.1457859237279093,0.03748447493091329,-0.10169605633900426,0.15478552522257463,0.0
3,1,Ridge,0.14577938638987437,0.11851132763539576,-0.5607296181480961,0.12396299981287788,0.04407518272952687,0.7935935633402382,-0.09596307998558573,0.15478552522257463,-0.009006138832700267
3,1,Elastic net,0.1538733618006645,0.12218950979348477,-0.7388508057663685,0.13811088972599428,0.020763355283491366,0.6709109026616226,-0.10718513637026704,0.15478552522257463,-0.0009121634219101393
3,1,Random forest,0.1846602770655824,0.151780997163238,-1.5042772145127281,0.11222722982737661,0.07260319958950544,0.7520085052793019,-0.14780020689738546,0.15478552522257463,0.02987475184300778
3,1,Gradient boosting,0.19037746718724055,0.15557101924760194,-1.6617454818475337,0.051335805816033406,-0.0489736636163285,0.35440826778550333,-0.14493663437001553,0.15478552522257463,0.03559194196466592
3,2,Null (training mean),0.15586270098333146,0.11531479747241159,-0.07000335183250339,3.2879285408507335e-32,-0.1885204830026021,0.045088624635068686,-0.03986658601945364,0.15586270098333146,0.0
3,2,Ridge,0.1148922537292952,0.07899220060693138,0.4185903449480415,0.5360868867252481,0.18752658736117098,1.8521504591802964,-0.009550668340221391,0.15586270098333146,-0.04097044725403627
3,2,Elastic net,0.1495358592141359,0.10948469850036488,0.015101574589392985,0.7761685204859539,4.064514333976446,17.838619806042406,-0.03971741009954269,0.15586270098333146,-0.006326841769195568
3,2,Random forest,0.1213508188929118,0.08649658111426908,0.35138622930664287,0.44835756961375045,0.1779814278935937,1.7132363075100159,-0.02091381846630819,0.15586270098333146,-0.034511882090419665
3,2,Gradient boosting,0.11742456579485451,0.09803185741350046,0.3926784830763572,0.4534941610883467,-0.04497506842885184,0.949483945666367,0.036764179188148935,0.15586270098333146,-0.038438135188476955
3,3,Null (training mean),0.2653970494602451,0.17992650360738566,-0.19296797183755854,2.348363232017683e-33,-0.30753889033712584,0.06612638465971984,0.10673929115843372,0.2653970494602451,0.0
3,3,Ridge,0.2657869336548815,0.1685354318360973,-0.19647562953005604,0.015878568613567883,-0.687851208504272,-1.6555571792946078,0.10062688893558108,0.2653970494602451,0.0003898841946363696
3,3,Elastic net,0.2665322608219242,0.17647233836715762,-0.20319541922342843,0.01115724997935178,-0.1625297552590517,0.7598481148353602,0.11220550961337665,0.2653970494602451,0.0011352113616791004
3,3,Random forest,0.28338168100382893,0.18911679563605632,-0.3601291482617417,0.000907587967611794,-0.29341833867739847,0.1563990204682544,0.14056102656625397,0.2653970494602451,0.017984631543583818
3,3,Gradient boosting,0.27949333569675466,0.19023039871008843,-0.3230599321609542,0.0761230515933448,-0.0948720840208167,1.341040540450969,0.15257133882194615,0.2653970494602451,0.014096286236509548
3,4,Null (training mean),0.21375065803255336,0.16134961958108238,-0.09881714445478829,,-0.2740709055784918,0.06130511770676015,0.06410042320184456,0.21375065803255336,0.0
3,4,Ridge,0.2131077024174502,0.16422088100476057,-0.09221666791761773,0.005247241035649749,-0.18367441025716977,0.45956411608908326,0.061244325118333415,0.21375065803255336,-0.0006429556151031635
3,4,Elastic net,0.21117861760653067,0.15641378136430759,-0.07253232795317377,0.0007165237233950839,-0.24266825849924276,0.18975358150110144,0.050025035124024245,0.21375065803255336,-0.002572040426022687
3,4,Random forest,0.21776919341530482,0.15913323187646997,-0.14052127605629883,0.030603427235891704,-0.4956209424578989,-0.7350399127417583,0.005027636045970591,0.21375065803255336,0.004018535382751459
3,4,Gradient boosting,0.23115373296037112,0.1758674483854795,-0.2850272251245032,0.024835329772079855,-0.41612695372119984,-0.4095865119607026,-0.025564144627421577,0.21375065803255336,0.017403074927817758
3,5,Null (training mean),0.17276955802562283,0.13992004985681697,-0.013687807148313302,,-0.23416053344022722,0.05293187981603262,0.020076224788060128,0.17276955802562283,0.0
3,5,Ridge,0.19446657330768893,0.14576528294190844,-0.2842799468037791,0.03952049693183974,-0.42541664611725083,-0.6248456195033284,-0.04081053283280744,0.17276955802562283,0.021697015282066107
3,5,Elastic net,0.1716082651036005,0.13222308031698862,-0.00010633855258146419,0.0005095325401999574,-0.1223239043390436,0.49944975468914166,-0.0017507373685811325,0.17276955802562283,-0.0011612929220223278
3,5,Random forest,0.18808327280946577,0.13641939120434393,-0.20135158247927776,5.999662883756955e-05,-0.2506727066517062,-0.017726792652616303,-0.01037559645465695,0.17276955802562283,0.015313714783842941
3,5,Gradient boosting,0.3070899618516729,0.23329143811335318,-2.202587610261319,0.05744883302918803,-0.32016977713409744,-0.21119806453424636,-0.10446465355989833,0.17276955802562283,0.1343204038260501
4,1,Null (training mean),0.18359977377581585,0.167050525719039,-0.32337559034790275,,-0.2967027865557055,0.06537882766193055,0.09075784999202452,0.18359977377581585,0.0
4,1,Ridge,0.16664728502384352,0.14083294649842426,-0.0902731617870014,0.15254208895314186,0.2775185069941956,2.436574450529205,0.06952911556944978,0.18359977377581585,-0.016952488751972333
4,1,Elastic net,0.16248675016157332,0.14029553487297336,-0.03651297165182377,0.17771250714443015,0.24091224065372752,2.232574804481245,0.06385138266101797,0.18359977377581585,-0.021113023614242526
4,1,Random forest,0.18474226660168944,0.14997940291353737,-0.339896867146922,0.1501576206695484,-0.1352314788477681,0.8807184202408692,0.11141119859239997,0.18359977377581585,0.0011424928258735867
4,1,Gradient boosting,0.2519711492479727,0.19816846410368408,-1.492530434998415,0.024969369665692714,-0.27946302880074997,0.24114191748168526,0.17987490476068443,0.18359977377581585,0.06837137547215685
4,2,Null (training mean),0.2259549225543389,0.1612424227463404,-0.3178646832892438,,-0.2994209602989854,0.0600295672460227,0.11097049829414105,0.2259549225543389,0.0
4,2,Ridge,0.2463956493178757,0.16818004179934154,-0.5670876054885341,0.0005331655412722647,-0.32279648762490687,-0.06096396918834858,0.12543682790575209,0.2259549225543389,0.020440726763536782
4,2,Elastic net,0.23948526641021864,0.16354922221580162,-0.4804195287240447,0.03353423290064151,-0.4291619389507611,-0.551883812270964,0.09817576550772814,0.2259549225543389,0.013530343855879728
4,2,Random forest,0.28532492677809085,0.2167958478662213,-1.101389870516733,0.019123651487072513,-0.3490920786444019,-0.23585139489499465,0.1518807101230801,0.2259549225543389,0.05937000422375194
4,2,Gradient boosting,0.27169147951168077,0.2017385701071733,-0.9053696492191563,0.018057411165328295,-0.35559497885368685,-0.25110697183374125,0.13567850445805282,0.2259549225543389,0.045736556957341856
4,3,Null (training mean),0.22543443248953923,0.1733780571365293,-0.001481417196221635,1.5181087092204105e-32,-0.22719962019139245,0.052394999210528745,0.00867036725323796,0.22543443248953923,0.0
4,3,Ridge,0.2321184809514778,0.15402427842643798,-0.06174893569863005,0.0017899609998894986,-0.1794542152986441,0.21103779472595163,-0.04421326119423116,0.22543443248953923,0.006684048461938569
4,3,Elastic net,0.22773650557277808,0.14360179623650332,-0.022039544565864322,0.049601966264072775,0.10868396783562302,1.163123530495766,-0.05988302400587334,0.22543443248953923,0.002302073083238848
4,3,Random forest,0.24154680613428267,0.15849562004289322,-0.14975417050869777,0.00469405304775481,-0.32368457103073606,-0.2866803638973342,-0.055129059612974124,0.22543443248953923,0.01611237364474344
4,3,Gradient boosting,0.24536268565901503,0.15667749721526467,-0.18636801142387593,0.01455508215872999,-0.1395399481885707,0.3113011382405215,-0.08112295502645918,0.22543443248953923,0.0199282531694758
4,4,Null (training mean),0.15718288267748728,0.10394329445115576,-0.2817856863762769,,-0.1660351053956846,0.041528788391952676,-0.0736982210703678,0.15718288267748728,0.0
4,4,Ridge,0.17237913783532888,0.11626218083780256,-0.5416093204533787,0.00835933792617075,-0.07528169831210331,0.3651434892430961,-0.10056636252104863,0.15718288267748728,0.015196255157841593
4,4,Elastic net,0.16827455545070255,0.11695363957480791,-0.4690677425990084,0.11779963449964002,0.14531782048596256,1.1384124837809861,-0.10619944209618339,0.15718288267748728,0.011091672773215266
4,4,Random forest,0.18897514044395936,0.13431887624085043,-0.8527391236495216,0.036577592775488214,-0.05836184470328593,0.3925729722298563,-0.12431276954590145,0.15718288267748728,0.03179225776647207
4,4,Gradient boosting,0.21559605594122289,0.15582114546740183,-1.4114959802981204,0.0006107585678031655,-0.19228534100602468,-0.04894362136622328,-0.14768597518066867,0.15718288267748728,0.0584131732637356
4,5,Null (training mean),0.1690859171750772,0.1434703725421873,-0.8344365404832259,7.26240387754476e-34,-0.1337909823857971,0.034336380954626225,-0.11403882875911991,0.1690859171750772,0.0
4,5,Ridge,0.11756972557442874,0.09467153000610389,0.11309148108328848,0.3033314049691991,0.1158164602859065,1.3299076395815663,-0.051710805575356525,0.1690859171750772,-0.051516191600648464
4,5,Elastic net,0.1690859171750772,0.1434703725421873,-0.8344365404832259,7.26240387754476e-34,-0.1337909823857971,0.034336380954626225,-0.11403882875911991,0.1690859171750772,0.0
4,5,Random forest,0.1312554699777894,0.10358590597155598,-0.10540809376614635,0.002956937108277652,-0.1103461364309092,0.18816361431176612,-0.028827466672995034,0.1690859171750772,-0.037830447197287814
4,5,Gradient boosting,0.14746256504632985,0.10692683080363868,-0.39524792529768504,2.5579922238385076e-05,-0.14366941883487996,-0.008223109036854288,0.012934411396863332,0.1690859171750772,-0.02162335212874736
5,1,Null (training mean),0.16090552231861419,0.11571387516645856,-0.1690448441361161,,-0.1718218779603931,0.041781661701816665,-0.06118660106740776,0.16090552231861419,0.0
5,1,Ridge,0.14153831000030956,0.10465704603533793,0.09544019944222915,0.30148019868015846,0.19065078489915224,1.531639762486354,-0.061308144502838544,0.16090552231861419,-0.019367212318304627
5,1,Elastic net,0.16090552231861419,0.11571387516645856,-0.1690448441361161,,-0.1718218779603931,0.041781661701816665,-0.06118660106740776,0.16090552231861419,0.0
5,1,Random forest,0.1420945138505223,0.1196868449868569,0.08831692377519584,0.11505722888934844,0.07353836547502164,1.251965611378714,-0.022113382763855598,0.16090552231861419,-0.01881100846809189
5,1,Gradient boosting,0.13516986109742868,0.1009532142362046,0.1750093871367635,0.18886683303630097,-0.010986270435817218,0.8698336178902547,-0.01460239024401793,0.16090552231861419,-0.025735661221185507
5,2,Null (training mean),0.14060022404709976,0.1295884171028206,-0.15013207642061666,,-0.26279927272623893,0.059220814918718605,0.05079826746805824,0.14060022404709976,0.0
5,2,Ridge,0.11979177210945216,0.1018728452401238,0.16510921134946133,0.3040904538533561,0.3645976719517671,2.521553338436416,0.022038339934019737,0.14060022404709976,-0.020808451937647604
5,2,Elastic net,0.13705816411481117,0.12417040775021859,-0.09291279574979816,0.0,-0.26155441973691024,0.061774500624805495,0.03996224876285426,0.14060022404709976,-0.0035420599322885937
5,2,Random forest,0.11084369968199315,0.08978440859172912,0.2851783192062325,0.37708356919072766,0.1365412428112044,1.6391518792780053,0.024376634538548873,0.14060022404709976,-0.029756524365106618
5,2,Gradient boosting,0.07894336531927938,0.06441864429460106,0.6374173967305501,0.6621805097670452,0.0672135838392549,1.2394762052775754,-0.0008742055582271046,0.14060022404709976,-0.06165685872782038
5,3,Null (training mean),0.24024563914198718,0.18422597918363345,-0.003084771248967,1.181469719693041e-32,-0.21009848726058244,0.04937875291419074,-0.013322881864319059,0.24024563914198718,0.0
5,3,Ridge,0.23186521383401992,0.1568129692613363,0.06567535326355278,0.06812506724086567,0.030180266133993865,1.175060239644986,0.007345373530581609,0.24024563914198718,-0.00838042530796726
5,3,Elastic net,0.2346678811866039,0.15589574105480872,0.042951570837051145,0.053844051497113375,-0.07124287841914473,0.7185184660774669,0.012299404493807219,0.24024563914198718,-0.005577757955383289
5,3,Random forest,0.267517499965051,0.18705445892084807,-0.24374401777973698,0.011973782066232331,-0.28241348391638316,-0.2761861669276592,0.0018895027531831453,0.24024563914198718,0.027271860823063793
5,3,Gradient boosting,0.2509742936127085,0.1884028160936632,-0.09467472725421211,0.006321470378019349,-0.17572818051873765,0.20083784031367158,-0.00721535814237299,0.24024563914198718,0.010728654470721327
5,4,Null (training mean),0.1609785516648431,0.09579102259157532,-0.006797656316738454,,-0.23034118501294315,0.05279784466493707,0.013227461903182757,0.1609785516648431,0.0
5,4,Ridge,0.16265267848288795,0.08325269437523729,-0.02784730936745472,0.0073333154741648575,-0.16678641111551926,0.3136252640333101,0.0012099291415993123,0.1609785516648431,0.001674126818044852
5,4,Elastic net,0.16224179459678034,0.08833463787760981,-0.022660890392014688,0.01621880911633398,-0.1468268428140104,0.39257024500126914,-0.0011218968346168008,0.1609785516648431,0.0012632429319372473
5,4,Random forest,0.1786729967806439,0.12151121110204946,-0.24029218656177842,0.007614519845866662,-0.2049418385619205,0.14975854229758118,-0.007969460418988864,0.1609785516648431,0.017694445115800816
5,4,Gradient boosting,0.1734373405815401,0.10871348920629031,-0.1686686006471898,0.02011416750110528,-0.17256673554333124,0.26027778376771943,-0.02602584658032911,0.1609785516648431,0.012458788916696995
5,5,Null (training mean),0.17346980192634595,0.14146291983814763,-0.017355761939796155,,-0.23660097867297517,0.05347930576407375,0.022657359745551473,0.17346980192634595,0.0
5,5,Ridge,0.1904353526072,0.15390320491382137,-0.22608402157048446,0.21940433007101284,-0.8310642156939361,-2.353772283095067,0.0012669186113889585,0.17346980192634595,0.016965550680854036
5,5,Elastic net,0.191133680160301,0.14920178897434133,-0.23509262321169921,0.12009193097943117,-0.6328805960179852,-1.4416771816688778,-0.01780034775731276,0.17346980192634595,0.017663878233955044
5,5,Random forest,0.2037689706680285,0.15244511582701875,-0.4037869061217134,0.03517355758175746,-0.3544835886329404,-0.40015741425493534,-0.01569345031940572,0.17346980192634595,0.030299168741682536
5,5,Gradient boosting,0.23149460265366503,0.16465561982848537,-0.811785683234806,0.06769347463299197,-0.3429254566464139,-0.3840708616823978,0.003326815556306019,0.17346980192634595,0.05802480072731908
