Feature,Grid_value,Mean_prediction
Age_Mean_years,1.02943189596167,-0.2520930397133972
Age_Mean_years,1.335974102166534,-0.2508363866661796
Age_Mean_years,1.6425163083713978,-0.24957973361896194
Age_Mean_years,1.9490585145762616,-0.24832308057174438
Age_Mean_years,2.2556007207811257,-0.2470664275245268
Age_Mean_years,2.5621429269859894,-0.24580977447730915
Age_Mean_years,2.868685133190853,-0.24455312143009153
Age_Mean_years,3.1752273393957173,-0.24329646838287397
Age_Mean_years,3.481769545600581,-0.24203981533565636
Age_Mean_years,3.7883117518054448,-0.2407831622884387
Age_Mean_years,4.094853958010309,-0.23952650924122112
Age_Mean_years,4.401396164215173,-0.23826985619400354
Age_Mean_years,4.707938370420036,-0.23701320314678592
Age_Mean_years,5.0144805766249005,-0.23575655009956828
Age_Mean_years,5.321022782829765,-0.2344998970523507
Age_Mean_years,5.627564989034628,-0.23324324400513308
Age_Mean_years,5.934107195239492,-0.23198659095791543
Age_Mean_years,6.240649401444356,-0.23072993791069787
Age_Mean_years,6.54719160764922,-0.22947328486348023
Age_Mean_years,6.853733813854084,-0.22821663181626264
Age_Mean_years,7.160276020058948,-0.22695997876904503
Age_Mean_years,7.466818226263811,-0.22570332572182739
Age_Mean_years,7.773360432468675,-0.22444667267460985
Age_Mean_years,8.07990263867354,-0.2231900196273922
Age_Mean_years,8.386444844878403,-0.2219333665801746
Age_Mean_years,8.692987051083268,-0.220676713532957
Age_Mean_years,8.999529257288131,-0.21942006048573942
Age_Mean_years,9.306071463492994,-0.21816340743852175
Age_Mean_years,9.61261366969786,-0.21690675439130416
Age_Mean_years,9.919155875902723,-0.21565010134408652
Age_Mean_years,10.225698082107586,-0.2143934482968689
Age_Mean_years,10.532240288312451,-0.21313679524965132
Age_Mean_years,10.838782494517314,-0.21188014220243367
Age_Mean_years,11.145324700722178,-0.21062348915521614
Age_Mean_years,11.451866906927043,-0.20936683610799853
Age_Mean_years,11.758409113131906,-0.20811018306078088
Age_Mean_years,12.06495131933677,-0.2068535300135633
Age_Mean_years,12.371493525541634,-0.20559687696634568
Age_Mean_years,12.678035731746498,-0.20434022391912804
Age_Mean_years,12.98457793795136,-0.20308357087191045
Age_Mean_years,13.291120144156226,-0.20182691782469286
Age_Mean_years,13.59766235036109,-0.20057026477747525
Age_Mean_years,13.904204556565952,-0.1993136117302576
Age_Mean_years,14.210746762770817,-0.19805695868304002
Age_Mean_years,14.51728896897568,-0.1968003056358224
Age_Mean_years,14.823831175180544,-0.19554365258860476
Age_Mean_years,15.130373381385409,-0.19428699954138717
Age_Mean_years,15.436915587590272,-0.19303034649416959
Age_Mean_years,15.743457793795136,-0.19177369344695197
Age_Mean_years,16.05,-0.19051704039973433
Log_N,2.3208172486734413,-0.28326648514705643
Log_N,2.4357611755560797,-0.28109392721508036
Log_N,2.550705102438718,-0.2789213692831043
Log_N,2.6656490293213566,-0.2767488113511282
Log_N,2.780592956203995,-0.2745762534191522
Log_N,2.8955368830866335,-0.2724036954871761
Log_N,3.010480809969272,-0.2702311375552001
Log_N,3.1254247368519104,-0.268058579623224
Log_N,3.240368663734549,-0.265886021691248
Log_N,3.3553125906171872,-0.2637134637592719
Log_N,3.4702565174998257,-0.26154090582729583
Log_N,3.585200444382464,-0.25936834789531976
Log_N,3.7001443712651025,-0.25719578996334375
Log_N,3.815088298147741,-0.25502323203136773
Log_N,3.9300322250303794,-0.2528506740993916
Log_N,4.044976151913017,-0.2506781161674156
Log_N,4.159920078795656,-0.24850555823543952
Log_N,4.274864005678294,-0.24633300030346342
Log_N,4.389807932560933,-0.24416044237148737
Log_N,4.504751859443571,-0.24198788443951133
Log_N,4.61969578632621,-0.23981532650753523
Log_N,4.734639713208848,-0.2376427685755592
Log_N,4.8495836400914865,-0.23547021064358314
Log_N,4.964527566974125,-0.23329765271160705
Log_N,5.079471493856763,-0.231125094779631
Log_N,5.194415420739402,-0.22895253684765496
Log_N,5.30935934762204,-0.22677997891567886
Log_N,5.424303274504679,-0.22460742098370282
Log_N,5.539247201387317,-0.22243486305172672
Log_N,5.6541911282699555,-0.22026230511975067
Log_N,5.769135055152594,-0.21808974718777457
Log_N,5.884078982035232,-0.2159171892557985
Log_N,5.999022908917871,-0.21374463132382243
Log_N,6.113966835800509,-0.2115720733918464
Log_N,6.228910762683148,-0.20939951545987034
Log_N,6.343854689565786,-0.2072269575278943
Log_N,6.458798616448425,-0.2050543995959182
Log_N,6.573742543331063,-0.20288184166394216
Log_N,6.688686470213701,-0.20070928373196611
Log_N,6.80363039709634,-0.19853672579999002
Log_N,6.918574323978978,-0.19636416786801397
Log_N,7.033518250861617,-0.19419160993603787
Log_N,7.148462177744255,-0.1920190520040618
Log_N,7.263406104626894,-0.1898464940720858
Log_N,7.378350031509532,-0.18767393614010974
Log_N,7.4932939583921705,-0.18550137820813364
Log_N,7.608237885274809,-0.1833288202761576
Log_N,7.723181812157447,-0.18115626234418153
Log_N,7.838125739040086,-0.17898370441220546
Log_N,7.953069665922724,-0.17681114648022941
