Dataset,Repeat,Model,RMSE,MAE,Predictive_Q2,Correlation_R2,Calibration_intercept,Calibration_slope,Mean_bias
Meta-grade primary,1,Null (training mean),0.1857706242698046,0.13788301594621924,-0.022964424015951,0.05630970210332741,-1.4700465725833873,-5.367722823563173,0.0009928171724703566
Meta-grade primary,1,Ridge,0.20475677888245591,0.15194001876255683,-0.24274786882821764,0.061662595468159526,-0.1405421667616206,0.3319268836828609,-0.04292416534943118
Meta-grade primary,1,Elastic net,0.19879734710683647,0.14997006222313145,-0.1714604166001743,0.0678151542643794,-0.13846001753374657,0.3590605476830599,-0.02797041621728593
Meta-grade primary,1,Random forest,0.18506583169974655,0.1335779300712297,-0.015217127319713475,0.039460063155967354,-0.1187066598133881,0.46678029741326243,-0.010365044134338842
Meta-grade primary,1,Gradient boosting,0.20062216857238616,0.15155417877440447,-0.19306550815324441,0.033961963803701686,-0.16053433205723955,0.2838062379896144,-0.019044257242853316
Meta-grade primary,2,Null (training mean),0.18738228333028564,0.13826228540166013,-0.040790939198029896,0.07350253511633585,-1.1765815216213817,-4.0539681757901285,-0.0013807320982626458
Meta-grade primary,2,Ridge,0.18728628201053843,0.13172786436090478,-0.03972475826867061,0.01595397175344281,-0.13500368070837565,0.38173672177827145,-0.02159978614487316
Meta-grade primary,2,Elastic net,0.1872429696933228,0.1351055640560437,-0.03924391492177204,0.034035643538025157,-0.12301744368229749,0.4297181377310494,-0.021210572443260273
Meta-grade primary,2,Random forest,0.1996511965121055,0.14320299499742842,-0.18154504670596117,0.0032372573668187857,-0.20147458702769327,0.12023341338181075,-0.019659999978139914
Meta-grade primary,2,Gradient boosting,0.2179459617596236,0.15716460733479348,-0.4080046932389296,0.002235134624489939,-0.21391943272410793,0.06993893857327066,-0.022476327973707615
Meta-grade primary,3,Null (training mean),0.1888291875335088,0.14036226799305626,-0.05692628438692582,0.09343830684348385,-1.1066516522779146,-3.735009265976055,-0.002561993598020882
Meta-grade primary,3,Ridge,0.1874535518139143,0.1322966267000456,-0.041582793118978056,0.009406205546922572,-0.15480870950291936,0.3130882589862928,-0.013880990633438851
Meta-grade primary,3,Elastic net,0.18726730270675473,0.1353890252967495,-0.03951404073017195,0.0008146284265696604,-0.2002602233207155,0.1295537330186217,-0.010950453103551371
Meta-grade primary,3,Random forest,0.19927594722250502,0.1419724653286492,-0.1771077352239021,7.401803022790119e-05,-0.23718757875958393,-0.021715013463640697,-0.02119841428292794
Meta-grade primary,3,Gradient boosting,0.2388598458422324,0.17459387589294867,-0.6911913345065115,7.44654042234258e-05,-0.23461859737214663,-0.010833609050743894,-0.038077805195946
Meta-grade primary,4,Null (training mean),0.1932777215669429,0.14527297186074672,-0.10731209585487833,0.14014860303172705,-0.9355691267964594,-3.0414407205937817,0.00026843074223553665
Meta-grade primary,4,Ridge,0.1942512541090061,0.1339327322699585,-0.11849516738820665,0.0004800350818330436,-0.21797022228877247,0.059753635318364064,0.0019902602955236878
Meta-grade primary,4,Elastic net,0.1981084863029638,0.14210793902418428,-0.16335593192591813,0.010659934711234881,-0.3212775813682758,-0.3511849454457876,-0.023387875434161726
Meta-grade primary,4,Random forest,0.21714625698331627,0.15577234607341905,-0.39769092292303654,0.00751244412992545,-0.2664933330538403,-0.15865410150460443,0.012367516373351444
Meta-grade primary,4,Gradient boosting,0.2293458974692619,0.16344024861265757,-0.5591518024706534,0.005521492492779243,-0.2555079131706538,-0.11060684974759019,0.016411481793502162
Meta-grade primary,5,Null (training mean),0.18476164490682812,0.1372779452229292,-0.011882510183306882,0.023000388239226406,-1.2340406626271863,-4.320359821102553,-0.00030893568947686035
Meta-grade primary,5,Ridge,0.18170640846089944,0.12564622552578775,0.021305972422147157,0.02949962558947524,-0.07159683610182208,0.6725257313473383,-0.006360549852987283
Meta-grade primary,5,Elastic net,0.18718527492664114,0.13005477967182766,-0.038603573681861514,0.0067679079151982124,-0.16384507596382258,0.28299651873857995,-0.008062798077149241
Meta-grade primary,5,Random forest,0.19894517904312173,0.1413225802776028,-0.1732033337462171,0.000796135430194883,-0.21658938469719238,0.06354236851479277,-0.006044440671020403
Meta-grade primary,5,Gradient boosting,0.19745722727907705,0.13562944641283003,-0.15571970467139362,0.015931339628673616,-0.1752774125486846,0.23469090060828035,-0.008699205745860236
