Effect_ID,Study_Group_ID,Report_ID,First_Author,Year,Country,Study_design,Longitudinal,Experimental,N,Age_Group,Screen_Category,Screen_Nature,Detailed_EF_Domain,EF_Domain,EF_Instrument,Outcome_Tier,Timepoint,Raw_Stat_Type,Raw_Estimate,Adjusted,Harmonized_r,Fisher_z,Sampling_Variance_z,Analysis_Tier,Primary_Model,Age_Mean_years,Age_SD_years,Age_Verification_Status,Quality_Class,Metric_Class,Proxy_Flag,Target,Log_N,Region,EF_Measure_Type,Group
R004-E01,Report-004,R004,Merin,2026.0,Spain,Cross-sectional observational,0,0,133,Mixed or unclear age band,Total or mixed screen exposure,Mixed or unspecified,Inhibitory control,Inhibitory control,Shape School,Core EF,,partial r,-0.31,0,-0.31,-0.32054540930194614,0.007692307692307693,Primary three-level model,1,5.0275,0.753333333333333,Verified from full text,High,Correlation,0,-0.32054540930194614,4.890349128221754,Europe,Performance task,Report-004
R004-E02,Report-004,R004,Merin,2026.0,Spain,Cross-sectional observational,0,0,133,Mixed or unclear age band,Total or mixed screen exposure,Mixed or unspecified,Working memory,Working memory or updating,Word Span,Core EF,,partial r,-0.24,0,-0.24,-0.2447741126593529,0.007692307692307693,Primary three-level model,1,5.0275,0.753333333333333,Verified from full text,High,Correlation,0,-0.2447741126593529,4.890349128221754,Europe,Performance task,Report-004
R005-E01,Report-005,R005,Rogobete,2025.0,Romania,Cross-sectional observational,0,0,97,Mixed or unclear age band,Social media or multitasking,Interactive or entertainment,Inhibition difficulties,Inhibitory control,BRIEF-SR,Core EF,,Pearson r,0.327,0,-0.327,-0.3394653523437398,0.010638297872340425,Primary three-level model,1,12.76,0.9,Verified from full text,High,Correlation,0,-0.3394653523437398,4.574710978503383,Europe,Rating / questionnaire,Report-005
R005-E02,Report-005,R005,Rogobete,2025.0,Romania,Cross-sectional observational,0,0,97,Mixed or unclear age band,Social media or multitasking,Interactive or entertainment,Shifting difficulties,Cognitive flexibility or shifting,BRIEF-SR,Core EF,,Pearson r,0.298,0,-0.298,-0.30732324661911214,0.010638297872340425,Primary three-level model,1,12.76,0.9,Verified from full text,High,Correlation,0,-0.30732324661911214,4.574710978503383,Europe,Rating / questionnaire,Report-005
R005-E03,Report-005,R005,Rogobete,2025.0,Romania,Cross-sectional observational,0,0,97,Mixed or unclear age band,Social media or multitasking,Interactive or entertainment,Emotional-control difficulties,Hot EF or self-regulation,BRIEF-SR,Secondary/hot EF,,Pearson r,0.29,0,-0.29,-0.29856626366017835,0.010638297872340425,Primary three-level model,1,12.76,0.9,Verified from full text,High,Correlation,0,-0.29856626366017835,4.574710978503383,Europe,Rating / questionnaire,Report-005
R005-E04,Report-005,R005,Rogobete,2025.0,Romania,Cross-sectional observational,0,0,97,Mixed or unclear age band,Social media or multitasking,Interactive or entertainment,Monitoring difficulties,Working memory or updating,BRIEF-SR,Core EF,,Pearson r,0.219,0,-0.219,-0.22260548982079276,0.010638297872340425,Primary three-level model,1,12.76,0.9,Verified from full text,High,Correlation,0,-0.22260548982079276,4.574710978503383,Europe,Rating / questionnaire,Report-005
R005-E05,Report-005,R005,Rogobete,2025.0,Romania,Cross-sectional observational,0,0,97,Mixed or unclear age band,Social media or multitasking,Interactive or entertainment,Working-memory difficulties,Working memory or updating,BRIEF-SR,Core EF,,Pearson r,0.186,0,-0.186,-0.18819060677756522,0.010638297872340425,Primary three-level model,1,12.76,0.9,Verified from full text,High,Correlation,0,-0.18819060677756522,4.574710978503383,Europe,Rating / questionnaire,Report-005
R006-E01,Report-006,R006,Portugal,2023.0,United Kingdom,Longitudinal observational,1,0,46,Mixed or unclear age band,Total or mixed screen exposure,Passive viewing,Global EF,Global executive function,MANOVA composite,Core EF,,Partial eta squared,0.095,0,-0.3082207001484488,-0.3185781374429814,0.023255813953488372,Sensitivity three-level model,0,1.02943189596167,0.054757015742642,Verified from full text,Moderate,Eta-squared conversion,0,-0.3185781374429814,3.828641396489095,Europe,Performance task,Report-006
R006-E02,Report-006,R006,Portugal,2023.0,United Kingdom,Longitudinal observational,1,0,46,Mixed or unclear age band,Total or mixed screen exposure,Passive viewing,Working memory/cognitive flexibility,Working memory or updating,Corsi/DCCS composite,Core EF,,Partial eta squared,0.093,0,-0.30495901363953815,-0.3149780475421737,0.023255813953488372,Sensitivity three-level model,0,1.02943189596167,0.054757015742642,Verified from full text,Moderate,Eta-squared conversion,0,-0.3149780475421737,3.828641396489095,Europe,Performance task,Report-006
R006-E04,Report-006,R006,Portugal,2023.0,United Kingdom,Longitudinal observational,1,0,46,Mixed or unclear age band,Total or mixed screen exposure,Passive viewing,Global EF,Global executive function,MANCOVA composite,Core EF,,Partial eta squared,0.076,1,-0.27568097504180444,-0.2830017377730096,0.023255813953488372,Sensitivity three-level model,0,1.02943189596167,0.054757015742642,Verified from full text,Moderate,Eta-squared conversion,0,-0.2830017377730096,3.828641396489095,Europe,Performance task,Report-006
R006-E05,Report-006,R006,Portugal,2023.0,United Kingdom,Longitudinal observational,1,0,46,Mixed or unclear age band,Total or mixed screen exposure,Passive viewing,Global EF,Global executive function,MANCOVA composite,Core EF,,Partial eta squared,0.07,1,-0.2645751311064591,-0.2710215474437309,0.023255813953488372,Sensitivity three-level model,0,1.02943189596167,0.054757015742642,Verified from full text,Moderate,Eta-squared conversion,0,-0.2710215474437309,3.828641396489095,Europe,Performance task,Report-006
R006-E06,Report-006,R006,Portugal,2023.0,United Kingdom,Longitudinal observational,1,0,46,Mixed or unclear age band,Total or mixed screen exposure,Passive viewing,Working memory/cognitive flexibility,Working memory or updating,Corsi/DCCS composite,Core EF,,Partial eta squared,0.054,1,-0.232379000772445,-0.2367028032650126,0.023255813953488372,Sensitivity three-level model,0,1.02943189596167,0.054757015742642,Verified from full text,Moderate,Eta-squared conversion,0,-0.2367028032650126,3.828641396489095,Europe,Performance task,Report-006
R006-E07,Report-006,R006,Portugal,2023.0,United Kingdom,Longitudinal observational,1,0,46,Mixed or unclear age band,Total or mixed screen exposure,Passive viewing,Working memory/cognitive flexibility,Working memory or updating,Corsi/DCCS composite,Core EF,,Partial eta squared,0.006,1,-0.07745966692414834,-0.07761514636899172,0.023255813953488372,Sensitivity three-level model,0,1.02943189596167,0.054757015742642,Verified from full text,Moderate,Eta-squared conversion,0,-0.07761514636899172,3.828641396489095,Europe,Performance task,Report-006
R006-E09,Report-006,R006,Portugal,2023.0,United Kingdom,Longitudinal observational,1,0,46,Mixed or unclear age band,Total or mixed screen exposure,Passive viewing,Inhibitory control,Inhibitory control,Go/No-Go,Core EF,,Partial eta squared,0.064,1,-0.25298221281347033,-0.2585963813858514,0.023255813953488372,Sensitivity three-level model,0,1.02943189596167,0.054757015742642,Verified from full text,Moderate,Eta-squared conversion,0,-0.2585963813858514,3.828641396489095,Europe,Performance task,Report-006
R006-E10,Report-006,R006,Portugal,2023.0,United Kingdom,Longitudinal observational,1,0,44,Mixed or unclear age band,Interactive or gaming,Interactive or entertainment,Inhibitory control,Inhibitory control,Go/No-Go,Core EF,,Pearson r,0.052,0,0.052,0.05204694552131668,0.024390243902439025,Primary three-level model,1,1.02943189596167,0.054757015742642,Verified from full text,High,Correlation,0,0.05204694552131668,3.784189633918261,Europe,Performance task,Report-006
R006-E11,Report-006,R006,Portugal,2023.0,United Kingdom,Longitudinal observational,1,0,44,Mixed or unclear age band,Interactive or gaming,Interactive or entertainment,Working memory/cognitive flexibility,Working memory or updating,Corsi/DCCS composite,Core EF,,Pearson r,-0.279,0,-0.279,-0.2865973321469467,0.024390243902439025,Primary three-level model,1,1.02943189596167,0.054757015742642,Verified from full text,High,Correlation,0,-0.2865973321469467,3.784189633918261,Europe,Performance task,Report-006
R006-E12,Report-006,R006,Portugal,2023.0,United Kingdom,Longitudinal observational,1,0,39,Mixed or unclear age band,Passive or background viewing,Passive viewing,Inhibitory control,Inhibitory control,Go/No-Go d-prime,Core EF,,Spearman rho,-0.34,0,-0.34,-0.35409252896224297,0.027777777777777776,Sensitivity three-level model,0,1.02943189596167,0.054757015742642,Verified from full text,Moderate,Correlation,0,-0.35409252896224297,3.6635616461296463,Europe,Performance task,Report-006
R006-E13,Report-006,R006,Portugal,2023.0,United Kingdom,Longitudinal observational,1,0,39,Mixed or unclear age band,Passive or background viewing,Passive viewing,Inhibitory control,Inhibitory control,Go/No-Go d-prime,Core EF,,Spearman rho,-0.12,0,-0.12,-0.12058102840844405,0.027777777777777776,Sensitivity three-level model,0,1.02943189596167,0.054757015742642,Verified from full text,Moderate,Correlation,0,-0.12058102840844405,3.6635616461296463,Europe,Performance task,Report-006
R010-E01,Report-010,R010,Harmon,2024.0,United States,Cross-sectional observational,0,0,71,Mixed or unclear age band,Interactive or gaming,Interactive or entertainment,Executive function composite,Global executive function,Bear Dragon task,Core EF,,Pearson r,-0.26,0,-0.26,-0.26610840687365417,0.014705882352941176,Primary three-level model,1,,,Not required for the three core EF-domain analyses,High,Correlation,0,-0.26610840687365417,4.2626798770413155,North America,Performance task,Report-010
R012-E01,PSKC,R012,Kim,2024.0,South Korea,Longitudinal observational,1,0,1391,Not reported,Total or mixed screen exposure,Mixed or unspecified,EF difficulties,Global executive function,Parent report,Core EF,Grade 3 → Grade 4,Pearson r,0.05,0,-0.05,-0.05004172927849127,0.0007204610951008645,Primary three-level model,1,,,Not required for the three core EF-domain analyses,High,Correlation,0,-0.05004172927849127,7.237778191923443,East Asia,Rating / questionnaire,PSKC
R012-E02,PSKC,R012,Kim,2024.0,South Korea,Longitudinal observational,1,0,1242,Not reported,Total or mixed screen exposure,Educational,Executive-function difficulties,Global executive function,Song (2014) parent-rated executive-function difficulties,Core EF,Grade 3 → Grade 4,Pearson r,-0.16,0,0.16,0.1613866961315255,0.0008071025020177562,Primary three-level model,1,,,Not required for the three core EF-domain analyses,High,Correlation,0,0.1613866961315255,7.124478262493424,East Asia,Rating / questionnaire,PSKC
R012-E03,PSKC,R012,Kim,2024.0,South Korea,Longitudinal observational,1,0,1391,Not reported,Total or mixed screen exposure,Mixed or unspecified,EF difficulties,Global executive function,Parent report,Core EF,Grade 3 → Grade 4,Pearson r,0.04,0,-0.04,-0.04002135383676822,0.0007204610951008645,Primary three-level model,1,,,Not required for the three core EF-domain analyses,High,Correlation,0,-0.04002135383676822,7.237778191923443,East Asia,Rating / questionnaire,PSKC
R013-E01,Report-013,R013,Meng,2024.0,China,Cross-sectional observational,0,0,188,Mixed or unclear age band,Total or mixed screen exposure,Mixed or unspecified,Inhibitory control performance,Inhibitory control,Day–Night task,Core EF,,Pearson r,-0.22,0,-0.22,-0.22365610902183236,0.005405405405405406,Primary three-level model,1,3.145,0.111666666666667,Verified from full text,High,Correlation,0,-0.22365610902183236,5.236441962829949,East Asia,Performance task,Report-013
R013-E02,Report-013,R013,Meng,2024.0,China,Cross-sectional observational,0,0,188,Mixed or unclear age band,Passive or background viewing,Passive viewing,Inhibitory control performance,Inhibitory control,Day–Night task,Core EF,,Pearson r,-0.22,0,-0.22,-0.22365610902183236,0.005405405405405406,Primary three-level model,1,3.145,0.111666666666667,Verified from full text,High,Correlation,0,-0.22365610902183236,5.236441962829949,East Asia,Performance task,Report-013
R013-E03,Report-013,R013,Meng,2024.0,China,Cross-sectional observational,0,0,42,Mixed or unclear age band,Total or mixed screen exposure,Mixed or unspecified,Inhibitory control performance,Inhibitory control,Modified NIH Toolbox Flanker,Core EF,,Pearson r,-0.31,0,-0.31,-0.3205454093019461,0.02564102564102564,Primary three-level model,1,3.43666666666667,0.3575,Verified from full text,High,Correlation,0,-0.3205454093019461,3.7376696182833684,East Asia,Performance task,Report-013
R016-E01,Report-016,R016,Horowitz-Kraus T,2024.0,Israel,Cross-sectional observational,0,0,51,Mixed or unclear age band,Total or mixed screen exposure,Mixed or unspecified,Global EF difficulties,Global executive function,BRIEF-P/BRIEF-2,Core EF,,Pearson r,0.34,0,-0.34,-0.35409252896224297,0.020833333333333332,Primary three-level model,1,,,Not required for the three core EF-domain analyses,High,Correlation,0,-0.35409252896224297,3.9318256327243257,Middle East,Rating / questionnaire,Report-016
R017-E01,Report-017,R017,Rogobete,2021.0,Romania,Cross-sectional observational,0,0,296,Not reported,Social media or multitasking,Interactive or entertainment,Working-memory difficulties,Working memory or updating,BRIEF-SR,Core EF,,Pearson r,0.25,0,-0.25,-0.25541281188299536,0.0034129692832764505,Primary three-level model,1,12.9,1.04,Verified from full text,High,Correlation,0,-0.25541281188299536,5.69035945432406,Europe,Rating / questionnaire,Report-017
R017-E02,Report-017,R017,Rogobete,2021.0,Romania,Cross-sectional observational,0,0,296,Not reported,Social media or multitasking,Interactive or entertainment,Inhibition difficulties,Inhibitory control,BRIEF-SR,Core EF,,Pearson r,0.28,0,-0.28,-0.28768207245178096,0.0034129692832764505,Primary three-level model,1,12.9,1.04,Verified from full text,High,Correlation,0,-0.28768207245178096,5.69035945432406,Europe,Rating / questionnaire,Report-017
R020-E01,Report-020,R020,Stucke,2022.0,United States,Cross-sectional observational,0,0,93,Early childhood (3–5 years),Passive or background viewing,Passive viewing,Cognitive flexibility/switching success,Cognitive flexibility or shifting,DCCS,Core EF,,Odds ratio,0.72,1,-0.09018785220232974,-0.09043357731730842,0.011111111111111112,Primary three-level model,1,4.42,0.87,Verified from full text,Moderate,Odds ratio conversion,0,-0.09043357731730842,4.532599493153256,North America,Performance task,Report-020
R022-E01,PACE,R022,Zhang,2022.0,Canada,Longitudinal observational,1,0,93,Mixed or unclear age band,Passive or background viewing,Passive viewing,Inhibitory control,Inhibitory control,Inhibition task,Core EF,Baseline exposure → follow-up EF,Unstandardized B (95% CI),-0.05,1,-0.10751206027563606,-0.10792919542539178,0.011111111111111112,Primary three-level model,1,3.69,0.78,Verified from full text,Moderate,Regression coefficient,0,-0.10792919542539178,4.532599493153256,North America,Performance task,PACE
R022-E02,PACE,R022,Zhang,2022.0,Canada,Longitudinal observational,1,0,95,Mixed or unclear age band,Passive or background viewing,Passive viewing,Working memory,Working memory or updating,Working-memory task,Core EF,Baseline exposure → follow-up EF,Unstandardized B (95% CI),-0.03,1,-0.07154881473329057,-0.07167128280135122,0.010869565217391304,Primary three-level model,1,3.69,0.78,Verified from full text,Moderate,Regression coefficient,0,-0.07167128280135122,4.553876891600541,North America,Performance task,PACE
R022-E03,PACE,R022,Zhang,2022.0,Canada,Longitudinal observational,1,0,93,Mixed or unclear age band,Interactive or gaming,Interactive or entertainment,Inhibitory control,Inhibitory control,Inhibition task,Core EF,Baseline exposure → follow-up EF,Unstandardized B (95% CI),0.07,1,0.09870506560164932,0.09902750350944607,0.011111111111111112,Primary three-level model,1,3.69,0.78,Verified from full text,Moderate,Regression coefficient,0,0.09902750350944607,4.532599493153256,North America,Performance task,PACE
R022-E04,PACE,R022,Zhang,2022.0,Canada,Longitudinal observational,1,0,95,Mixed or unclear age band,Interactive or gaming,Interactive or entertainment,Working memory,Working memory or updating,Working-memory task,Core EF,Baseline exposure → follow-up EF,Unstandardized B (95% CI),-0.0003,1,-0.0004516500254170428,-0.0004516500561274034,0.010869565217391304,Primary three-level model,1,3.69,0.78,Verified from full text,Moderate,Regression coefficient,0,-0.0004516500561274034,4.553876891600541,North America,Performance task,PACE
R022-E05,PACE,R022,Zhang,2022.0,Canada,Longitudinal observational,1,0,93,Mixed or unclear age band,Total or mixed screen exposure,Mixed or unspecified,Inhibitory control,Inhibitory control,Inhibition task,Core EF,Baseline exposure → follow-up EF,Unstandardized B (95% CI),0.004,1,0.010957412966952943,0.010957851532107276,0.011111111111111112,Primary three-level model,1,3.69,0.78,Verified from full text,Moderate,Regression coefficient,0,0.010957851532107276,4.532599493153256,North America,Performance task,PACE
R022-E06,PACE,R022,Zhang,2022.0,Canada,Longitudinal observational,1,0,95,Mixed or unclear age band,Total or mixed screen exposure,Mixed or unspecified,Working memory,Working memory or updating,Working-memory task,Core EF,Baseline exposure → follow-up EF,Unstandardized B (95% CI),-0.03,1,-0.10110058003076605,-0.10144716879073637,0.010869565217391304,Primary three-level model,1,3.69,0.78,Verified from full text,Moderate,Regression coefficient,0,-0.10144716879073637,4.553876891600541,North America,Performance task,PACE
R022-E07,PACE,R022,Zhang,2022.0,Canada,Longitudinal observational,1,0,93,Mixed or unclear age band,Total or mixed screen exposure,Mixed or unspecified,Inhibitory control,Inhibitory control,Inhibition task,Core EF,Baseline exposure → follow-up EF,Unstandardized B (95% CI),-0.04,1,-0.041058114539470045,-0.04108120939927262,0.011111111111111112,Primary three-level model,1,3.69,0.78,Verified from full text,Moderate,Regression coefficient,0,-0.04108120939927262,4.532599493153256,North America,Performance task,PACE
R022-E08,PACE,R022,Zhang,2022.0,Canada,Longitudinal observational,1,0,95,Mixed or unclear age band,Total or mixed screen exposure,Mixed or unspecified,Working memory,Working memory or updating,Working-memory task,Core EF,Baseline exposure → follow-up EF,Unstandardized B (95% CI),0.06,1,0.06759257263239893,0.06769579372344288,0.010869565217391304,Primary three-level model,1,3.69,0.78,Verified from full text,Moderate,Regression coefficient,0,0.06769579372344288,4.553876891600541,North America,Performance task,PACE
R026-E01,Report-026,R026,Hu,2020.0,China,Cross-sectional observational,0,0,579,Mixed or unclear age band,Passive or background viewing,Passive viewing,Global executive function,Global executive function,Direct assessment composite,Core EF,,Pearson r,-0.236,0,-0.236,-0.2405339244255578,0.001736111111111111,Primary three-level model,1,,,Not required for the three core EF-domain analyses,High,Correlation,0,-0.2405339244255578,6.361302477572996,East Asia,Performance task,Report-026
R026-E02,Report-026,R026,Hu,2020.0,China,Cross-sectional observational,0,0,579,Mixed or unclear age band,Interactive or gaming,Interactive or entertainment,Global executive function,Global executive function,Direct assessment composite,Core EF,,Pearson r,0.031,0,0.031,0.03100993606309685,0.001736111111111111,Primary three-level model,1,,,Not required for the three core EF-domain analyses,High,Correlation,0,0.03100993606309685,6.361302477572996,East Asia,Performance task,Report-026
R032-E01,Report-032,R032,Blankson,2015.0,United States,Longitudinal observational,1,0,263,Mixed or unclear age band,Passive or background viewing,Passive viewing,Global executive function at age 5,Global executive function,EF composite,Core EF,Age 3 → age 5,Pearson r,-0.19,0,-0.19,-0.1923371692195453,0.0038461538461538464,Primary three-level model,1,,,Not required for the three core EF-domain analyses,High,Correlation,0,-0.1923371692195453,5.572154032177765,North America,Performance task,Report-032
R032-E02,Report-032,R032,Blankson,2015.0,United States,Longitudinal observational,1,0,263,Mixed or unclear age band,Passive or background viewing,Passive viewing,Global executive function at age 5,Global executive function,EF composite,Core EF,Age 4 → age 5,Pearson r,-0.13,0,-0.13,-0.13073985002887842,0.0038461538461538464,Primary three-level model,1,,,Not required for the three core EF-domain analyses,High,Correlation,0,-0.13073985002887842,5.572154032177765,North America,Performance task,Report-032
R033-E01,Report-033,R033,Baumgartner,2014.0,Netherlands,Cross-sectional observational,0,0,523,Mixed or unclear age band,Social media or multitasking,Interactive or entertainment,Working-memory difficulties,Working memory or updating,BRIEF Working Memory,Core EF,,Pearson r,0.2,0,-0.2,-0.2027325540540822,0.0019230769230769232,Primary three-level model,1,13.09,0.85,Verified from full text,High,Correlation,0,-0.2027325540540822,6.259581464064923,Europe,Rating / questionnaire,Report-033
R033-E02,Report-033,R033,Baumgartner,2014.0,Netherlands,Cross-sectional observational,0,0,523,Mixed or unclear age band,Social media or multitasking,Interactive or entertainment,Inhibition difficulties,Inhibitory control,BRIEF Inhibit,Core EF,,Pearson r,0.24,0,-0.24,-0.2447741126593529,0.0019230769230769232,Primary three-level model,1,13.09,0.85,Verified from full text,High,Correlation,0,-0.2447741126593529,6.259581464064923,Europe,Rating / questionnaire,Report-033
R033-E03,Report-033,R033,Baumgartner,2014.0,Netherlands,Cross-sectional observational,0,0,523,Mixed or unclear age band,Social media or multitasking,Interactive or entertainment,Shifting difficulties,Cognitive flexibility or shifting,BRIEF Shift,Core EF,,Pearson r,0.12,0,-0.12,-0.12058102840844402,0.0019230769230769232,Primary three-level model,1,13.09,0.85,Verified from full text,High,Correlation,0,-0.12058102840844402,6.259581464064923,Europe,Rating / questionnaire,Report-033
R033-E04,Report-033,R033,Baumgartner,2014.0,Netherlands,Cross-sectional observational,0,0,523,Mixed or unclear age band,Social media or multitasking,Interactive or entertainment,Working memory,Working memory or updating,Digit Span,Core EF,,Pearson r,-0.09,0,-0.09,-0.09024418785614682,0.0019230769230769232,Primary three-level model,1,13.09,0.85,Verified from full text,High,Correlation,0,-0.09024418785614682,6.259581464064923,Europe,Performance task,Report-033
R033-E05,Report-033,R033,Baumgartner,2014.0,Netherlands,Cross-sectional observational,0,0,523,Mixed or unclear age band,Social media or multitasking,Interactive or entertainment,Inhibitory control,Inhibitory control,Flanker ratio,Core EF,,Pearson r,-0.12,0,0.12,0.12058102840844402,0.0019230769230769232,Primary three-level model,1,13.09,0.85,Verified from full text,High,Correlation,0,0.12058102840844402,6.259581464064923,Europe,Performance task,Report-033
R033-E06,Report-033,R033,Baumgartner,2014.0,Netherlands,Cross-sectional observational,0,0,523,Mixed or unclear age band,Social media or multitasking,Interactive or entertainment,Cognitive flexibility,Cognitive flexibility or shifting,Dots–Triangles ratio,Core EF,,Pearson r,-0.01,0,0.01,0.010000333353334763,0.0019230769230769232,Primary three-level model,1,13.09,0.85,Verified from full text,High,Correlation,0,0.010000333353334763,6.259581464064923,Europe,Performance task,Report-033
R033-E07,Report-033,R033,Baumgartner,2014.0,Netherlands,Cross-sectional observational,0,0,523,Mixed or unclear age band,Social media or multitasking,Interactive or entertainment,Working-memory difficulties,Working memory or updating,BRIEF Working Memory,Core EF,,Pearson r,0.21,0,-0.21,-0.21317134656485978,0.0019230769230769232,Primary three-level model,1,13.09,0.85,Verified from full text,High,Correlation,0,-0.21317134656485978,6.259581464064923,Europe,Rating / questionnaire,Report-033
R033-E08,Report-033,R033,Baumgartner,2014.0,Netherlands,Cross-sectional observational,0,0,523,Mixed or unclear age band,Social media or multitasking,Interactive or entertainment,Inhibition difficulties,Inhibitory control,BRIEF Inhibit,Core EF,,Pearson r,0.24,0,-0.24,-0.2447741126593529,0.0019230769230769232,Primary three-level model,1,13.09,0.85,Verified from full text,High,Correlation,0,-0.2447741126593529,6.259581464064923,Europe,Rating / questionnaire,Report-033
R033-E09,Report-033,R033,Baumgartner,2014.0,Netherlands,Cross-sectional observational,0,0,523,Mixed or unclear age band,Social media or multitasking,Interactive or entertainment,Shifting difficulties,Cognitive flexibility or shifting,BRIEF Shift,Core EF,,Pearson r,0.15,0,-0.15,-0.1511404359364668,0.0019230769230769232,Primary three-level model,1,13.09,0.85,Verified from full text,High,Correlation,0,-0.1511404359364668,6.259581464064923,Europe,Rating / questionnaire,Report-033
R033-E10,Report-033,R033,Baumgartner,2014.0,Netherlands,Cross-sectional observational,0,0,523,Mixed or unclear age band,Social media or multitasking,Interactive or entertainment,Working memory,Working memory or updating,Digit Span,Core EF,,Pearson r,-0.09,0,-0.09,-0.09024418785614682,0.0019230769230769232,Primary three-level model,1,13.09,0.85,Verified from full text,High,Correlation,0,-0.09024418785614682,6.259581464064923,Europe,Performance task,Report-033
R033-E11,Report-033,R033,Baumgartner,2014.0,Netherlands,Cross-sectional observational,0,0,523,Mixed or unclear age band,Social media or multitasking,Interactive or entertainment,Inhibitory control,Inhibitory control,Flanker ratio,Core EF,,Pearson r,-0.09,0,0.09,0.09024418785614682,0.0019230769230769232,Primary three-level model,1,13.09,0.85,Verified from full text,High,Correlation,0,0.09024418785614682,6.259581464064923,Europe,Performance task,Report-033
R033-E12,Report-033,R033,Baumgartner,2014.0,Netherlands,Cross-sectional observational,0,0,523,Mixed or unclear age band,Social media or multitasking,Interactive or entertainment,Cognitive flexibility,Cognitive flexibility or shifting,Dots–Triangles ratio,Core EF,,Pearson r,-0.05,0,0.05,0.05004172927849127,0.0019230769230769232,Primary three-level model,1,13.09,0.85,Verified from full text,High,Correlation,0,0.05004172927849127,6.259581464064923,Europe,Performance task,Report-033
R033-E25,Report-033,R033,Baumgartner,2014.0,Netherlands,Cross-sectional observational,0,0,104,Mixed or unclear age band,Social media or multitasking,Interactive or entertainment,Inhibitory control,Inhibitory control,Flanker incongruent reaction time,Core EF,,Group means,,0,0.1434995262375353,0.144496864125946,0.00951832525439355,Sensitivity three-level model,0,13.09,0.85,Verified from full text,Moderate,Standardized mean difference conversion,0,0.144496864125946,4.6443908991413725,Europe,Performance task,Report-033
R033-E26,Report-033,R033,Baumgartner,2014.0,Netherlands,Cross-sectional observational,0,0,104,Mixed or unclear age band,Social media or multitasking,Interactive or entertainment,Inhibitory control,Inhibitory control,Flanker incongruent reaction time,Core EF,,Partial eta squared,0.03,1,0.17320508075688773,0.17496899253678816,0.009900990099009901,Sensitivity three-level model,0,13.09,0.85,Verified from full text,Moderate,Eta-squared conversion,0,0.17496899253678816,4.6443908991413725,Europe,Performance task,Report-033
R034-E01,Report-034,R034,Nathanson,2014.0,United States,Cross-sectional observational,0,0,107,Mixed or unclear age band,Passive or background viewing,Passive viewing,Global executive function,Global executive function,Four-task EF composite,Core EF,,partial r,-0.18,0,-0.18,-0.1819826886007058,0.009615384615384616,Primary three-level model,1,,,Not required for the three core EF-domain analyses,High,Correlation,0,-0.1819826886007058,4.672828834461906,North America,Performance task,Report-034
R034-E02,Report-034,R034,Nathanson,2014.0,United States,Cross-sectional observational,0,0,107,Mixed or unclear age band,Passive or background viewing,Passive viewing,Global executive function,Global executive function,Four-task EF composite,Core EF,,partial r,-0.26,0,-0.26,-0.26610840687365417,0.009615384615384616,Primary three-level model,1,,,Not required for the three core EF-domain analyses,High,Correlation,0,-0.26610840687365417,4.672828834461906,North America,Performance task,Report-034
R034-E03,Report-034,R034,Nathanson,2014.0,United States,Cross-sectional observational,0,0,107,Mixed or unclear age band,Passive or background viewing,Passive viewing,Global executive function,Global executive function,Four-task EF composite,Core EF,,partial r,-0.26,0,-0.26,-0.26610840687365417,0.009615384615384616,Primary three-level model,1,,,Not required for the three core EF-domain analyses,High,Correlation,0,-0.26610840687365417,4.672828834461906,North America,Performance task,Report-034
R034-E04,Report-034,R034,Nathanson,2014.0,United States,Cross-sectional observational,0,0,107,Mixed or unclear age band,Passive or background viewing,Passive viewing,Global executive function,Global executive function,Four-task EF composite,Core EF,,partial r,-0.26,0,-0.26,-0.26610840687365417,0.009615384615384616,Primary three-level model,1,,,Not required for the three core EF-domain analyses,High,Correlation,0,-0.26610840687365417,4.672828834461906,North America,Performance task,Report-034
R034-E05,Report-034,R034,Nathanson,2014.0,United States,Cross-sectional observational,0,0,107,Mixed or unclear age band,Passive or background viewing,Passive viewing,Global executive function,Global executive function,Four-task EF composite,Core EF,,partial r,-0.16,0,-0.16,-0.16138669613152554,0.009615384615384616,Primary three-level model,1,,,Not required for the three core EF-domain analyses,High,Correlation,0,-0.16138669613152554,4.672828834461906,North America,Performance task,Report-034
R034-E06,Report-034,R034,Nathanson,2014.0,United States,Cross-sectional observational,0,0,107,Mixed or unclear age band,Passive or background viewing,Passive viewing,Global executive function,Global executive function,Four-task EF composite,Core EF,,partial r,-0.25,0,-0.25,-0.25541281188299536,0.009615384615384616,Primary three-level model,1,,,Not required for the three core EF-domain analyses,High,Correlation,0,-0.25541281188299536,4.672828834461906,North America,Performance task,Report-034
R034-E07,Report-034,R034,Nathanson,2014.0,United States,Cross-sectional observational,0,0,107,Mixed or unclear age band,Passive or background viewing,Passive viewing,Global executive function,Global executive function,Four-task EF composite,Core EF,,partial r,-0.24,0,-0.24,-0.2447741126593529,0.009615384615384616,Primary three-level model,1,,,Not required for the three core EF-domain analyses,High,Correlation,0,-0.2447741126593529,4.672828834461906,North America,Performance task,Report-034
R036-E01,Report-036,R036,Barr,2010.0,United States,Longitudinal observational,1,0,60,Not reported,Passive or background viewing,Passive viewing,Emergent metacognition,Global executive function,BRIEF-P,Core EF,,Partial eta squared,0.16,0,-0.4,-0.42364893019360184,0.017543859649122806,Primary three-level model,1,1.31416666666667,0.223333333333333,Verified from full text,Moderate,Eta-squared conversion,0,-0.42364893019360184,4.0943445622221,North America,Rating / questionnaire,Report-036
R036-E02,Report-036,R036,Barr,2010.0,United States,Longitudinal observational,1,0,60,Not reported,Passive or background viewing,Passive viewing,Inhibitory self-control,Inhibitory control,BRIEF-P,Core EF,,Partial eta squared,0.08,0,-0.282842712474619,-0.29076928903725163,0.017543859649122806,Primary three-level model,1,1.31416666666667,0.223333333333333,Verified from full text,Moderate,Eta-squared conversion,0,-0.29076928903725163,4.0943445622221,North America,Rating / questionnaire,Report-036
R040-E01,Report-040,R040,Frenkel,2026.0,Canada,Longitudinal observational,1,0,80,Mixed or unclear age band,Total or mixed screen exposure,Mixed or unspecified,EF difficulties at age 4,Global executive function,BRIEF-P,Core EF,Infancy → age 4,partial r,0.31,0,-0.31,-0.32054540930194614,0.012987012987012988,Primary three-level model,1,,,Not required for the three core EF-domain analyses,High,Correlation,0,-0.32054540930194614,4.382026634673881,North America,Rating / questionnaire,Report-040
R040-E02,Report-040,R040,Frenkel,2026.0,Canada,Longitudinal observational,1,0,80,Mixed or unclear age band,Total or mixed screen exposure,Mixed or unspecified,EF difficulties at age 5.5,Global executive function,BRIEF-P,Core EF,Infancy → age 5.5,partial r,0.29,0,-0.29,-0.29856626366017835,0.012987012987012988,Primary three-level model,1,,,Not required for the three core EF-domain analyses,High,Correlation,0,-0.29856626366017835,4.382026634673881,North America,Rating / questionnaire,Report-040
R044-E01,PSKC,R044,Choi M,2020.0,South Korea,Cross-sectional observational,0,0,1031,Not reported,Total or mixed screen exposure,Mixed or unspecified,Executive-function difficulty,Global executive function,Parent report,Core EF,,Pearson r,0.09,0,-0.09,-0.09024418785614682,0.0009727626459143969,Primary three-level model,1,,,Not required for the three core EF-domain analyses,High,Correlation,0,-0.09024418785614682,6.93828448401696,East Asia,Rating / questionnaire,PSKC
R047-E01,Report-047,R047,Zhang Z,2021.0,Canada,Cross-sectional observational,0,0,97,Early childhood (3–5 years),Total or mixed screen exposure,Mixed or unspecified,Working memory,Working memory or updating,Early Years Toolbox,Core EF,,Odds ratio,0.52,1,-0.17740491665092747,-0.17930199681287928,0.010638297872340425,Primary three-level model,1,3.6,0.485833333333333,Verified from full text,Moderate,Odds ratio conversion,0,-0.17930199681287928,4.574710978503383,North America,Performance task,Report-047
R054-E01,ABCD,R054,Chaarani,2022.0,United States,Cross-sectional observational,0,0,1807,Mixed or unclear age band,Interactive or gaming,Interactive or entertainment,Inhibitory control,Inhibitory control,Stop-Signal Reaction Time,Core EF,,Standardized mean difference,0.04,1,0.019361069561912126,0.019363489278344893,0.0005543237250554324,Primary three-level model,1,9.93545471315256,0.629644790076708,Derived from full-text group data,Moderate,Standardized mean difference conversion,0,0.019363489278344893,7.499423290592229,North America,Performance task,ABCD
R054-E02,ABCD,R054,Chaarani,2022.0,United States,Cross-sectional observational,0,0,1807,Mixed or unclear age band,Interactive or gaming,Interactive or entertainment,Inhibitory control,Inhibitory control,Correct go-trial reaction time,Core EF,,Standardized mean difference,0.5,1,0.23526448853797222,0.23975517474876543,0.0005543237250554324,Primary three-level model,1,9.93545471315256,0.629644790076708,Derived from full-text group data,Moderate,Standardized mean difference conversion,0,0.23975517474876543,7.499423290592229,North America,Performance task,ABCD
R054-E03,ABCD,R054,Chaarani,2022.0,United States,Cross-sectional observational,0,0,2078,Mixed or unclear age band,Interactive or gaming,Interactive or entertainment,Working memory,Working memory or updating,0-back d-prime,Core EF,,Standardized mean difference,0.15,1,0.07276897714667538,0.07289783189626003,0.00048192771084337347,Primary three-level model,1,9.9275826114854,0.639404160455592,Derived from full-text group data,Moderate,Standardized mean difference conversion,0,0.07289783189626003,7.639161171659173,North America,Performance task,ABCD
R054-E04,ABCD,R054,Chaarani,2022.0,United States,Cross-sectional observational,0,0,2078,Mixed or unclear age band,Interactive or gaming,Interactive or entertainment,Working memory,Working memory or updating,2-back d-prime,Core EF,,Standardized mean difference,0.15,1,0.07276897714667538,0.07289783189626003,0.00048192771084337347,Primary three-level model,1,9.9275826114854,0.639404160455592,Derived from full-text group data,Moderate,Standardized mean difference conversion,0,0.07289783189626003,7.639161171659173,North America,Performance task,ABCD
R060-E01,Report-060,R060,Heyi Zhang,,China,Experimental,0,1,90,Mixed or unclear age band,Passive or background viewing,Passive viewing,Self-regulation composite,Global executive function,Corsi+DCCS+inhibition tasks,Core EF,,Group means,,0,-0.0347561319812467,-0.03477013713850767,0.011104552586551391,Sensitivity three-level model,0,,,Not required for the three core EF-domain analyses,Moderate,Standardized mean difference conversion,0,-0.03477013713850767,4.499809670330265,East Asia,Performance task,Report-060
R060-E02,Report-060,R060,Heyi Zhang,,China,Experimental,0,1,98,Mixed or unclear age band,Total or mixed screen exposure,Interactive or entertainment,Self-regulation composite,Global executive function,Corsi+DCCS+inhibition tasks,Core EF,,Group means,,0,0.022559508988789563,0.022563337239023196,0.010201539139258238,Sensitivity three-level model,0,,,Not required for the three core EF-domain analyses,Moderate,Standardized mean difference conversion,0,0.022563337239023196,4.584967478670572,East Asia,Performance task,Report-060
R072-E01,Report-072,R072,Lakicevic N,2025.0,Russia,Cross-sectional observational,0,0,763,Mixed or unclear age band,Passive or background viewing,Passive viewing,Cognitive flexibility,Cognitive flexibility or shifting,DCCS and NEPSY-II,Core EF,Single assessment at age 5–6 years,Spearman rho,-0.08,0,-0.08,-0.08017132503758968,0.0013157894736842105,Primary three-level model,1,5.9,0.375,Verified from full text,High,Correlation,0,-0.08017132503758968,6.637258031284457,Europe,Performance task,Report-072
R072-E02,Report-072,R072,Lakicevic N,2025.0,Russia,Cross-sectional observational,0,0,763,Mixed or unclear age band,Passive or background viewing,Passive viewing,Cognitive flexibility,Cognitive flexibility or shifting,DCCS and NEPSY-II,Core EF,Single assessment at age 5–6 years,Spearman rho,-0.04,0,-0.04,-0.04002135383676825,0.0013157894736842105,Primary three-level model,1,5.9,0.375,Verified from full text,High,Correlation,0,-0.04002135383676825,6.637258031284457,Europe,Performance task,Report-072
R072-E03,Report-072,R072,Lakicevic N,2025.0,Russia,Cross-sectional observational,0,0,763,Mixed or unclear age band,Passive or background viewing,Passive viewing,Cognitive flexibility,Cognitive flexibility or shifting,DCCS and NEPSY-II,Core EF,Single assessment at age 5–6 years,Spearman rho,-0.07,0,-0.07,-0.0701146706543252,0.0013157894736842105,Primary three-level model,1,5.9,0.375,Verified from full text,High,Correlation,0,-0.0701146706543252,6.637258031284457,Europe,Performance task,Report-072
R072-E04,Report-072,R072,Lakicevic N,2025.0,Russia,Cross-sectional observational,0,0,763,Mixed or unclear age band,Interactive or gaming,Interactive or entertainment,Cognitive flexibility,Cognitive flexibility or shifting,DCCS and NEPSY-II,Core EF,Single assessment at age 5–6 years,Spearman rho,-0.07,0,-0.07,-0.0701146706543252,0.0013157894736842105,Primary three-level model,1,5.9,0.375,Verified from full text,High,Correlation,0,-0.0701146706543252,6.637258031284457,Europe,Performance task,Report-072
R072-E05,Report-072,R072,Lakicevic N,2025.0,Russia,Cross-sectional observational,0,0,763,Mixed or unclear age band,Interactive or gaming,Interactive or entertainment,Cognitive flexibility,Cognitive flexibility or shifting,DCCS and NEPSY-II,Core EF,Single assessment at age 5–6 years,Spearman rho,-0.09,0,-0.09,-0.09024418785614684,0.0013157894736842105,Primary three-level model,1,5.9,0.375,Verified from full text,High,Correlation,0,-0.09024418785614684,6.637258031284457,Europe,Performance task,Report-072
R072-E06,Report-072,R072,Lakicevic N,2025.0,Russia,Cross-sectional observational,0,0,763,Mixed or unclear age band,Interactive or gaming,Interactive or entertainment,Cognitive flexibility,Cognitive flexibility or shifting,DCCS and NEPSY-II,Core EF,Single assessment at age 5–6 years,Spearman rho,-0.09,0,-0.09,-0.09024418785614684,0.0013157894736842105,Primary three-level model,1,5.9,0.375,Verified from full text,High,Correlation,0,-0.09024418785614684,6.637258031284457,Europe,Performance task,Report-072
R072-E07,Report-072,R072,Lakicevic N,2025.0,Russia,Cross-sectional observational,0,0,763,Mixed or unclear age band,Total or mixed screen exposure,Mixed or unspecified,Cognitive flexibility,Cognitive flexibility or shifting,DCCS and NEPSY-II,Core EF,Single assessment at age 5–6 years,Spearman rho,-0.11,0,-0.11,-0.1104469157900972,0.0013157894736842105,Primary three-level model,1,5.9,0.375,Verified from full text,High,Correlation,0,-0.1104469157900972,6.637258031284457,Europe,Performance task,Report-072
R072-E08,Report-072,R072,Lakicevic N,2025.0,Russia,Cross-sectional observational,0,0,763,Mixed or unclear age band,Passive or background viewing,Passive viewing,Visual working memory,Working memory or updating,DCCS and NEPSY-II,Core EF,Single assessment at age 5–6 years,Spearman rho,-0.06,0,-0.06,-0.06007215592103167,0.0013157894736842105,Primary three-level model,1,5.9,0.375,Verified from full text,High,Correlation,0,-0.06007215592103167,6.637258031284457,Europe,Performance task,Report-072
R072-E09,Report-072,R072,Lakicevic N,2025.0,Russia,Cross-sectional observational,0,0,763,Mixed or unclear age band,Passive or background viewing,Passive viewing,Visual working memory,Working memory or updating,DCCS and NEPSY-II,Core EF,Single assessment at age 5–6 years,Spearman rho,0.02,0,0.02,0.020002667306849603,0.0013157894736842105,Primary three-level model,1,5.9,0.375,Verified from full text,High,Correlation,0,0.020002667306849603,6.637258031284457,Europe,Performance task,Report-072
R072-E10,Report-072,R072,Lakicevic N,2025.0,Russia,Cross-sectional observational,0,0,763,Mixed or unclear age band,Passive or background viewing,Passive viewing,Visual working memory,Working memory or updating,DCCS and NEPSY-II,Core EF,Single assessment at age 5–6 years,Spearman rho,-0.04,0,-0.04,-0.04002135383676825,0.0013157894736842105,Primary three-level model,1,5.9,0.375,Verified from full text,High,Correlation,0,-0.04002135383676825,6.637258031284457,Europe,Performance task,Report-072
R072-E11,Report-072,R072,Lakicevic N,2025.0,Russia,Cross-sectional observational,0,0,763,Mixed or unclear age band,Interactive or gaming,Interactive or entertainment,Visual working memory,Working memory or updating,DCCS and NEPSY-II,Core EF,Single assessment at age 5–6 years,Spearman rho,-0.04,0,-0.04,-0.04002135383676825,0.0013157894736842105,Primary three-level model,1,5.9,0.375,Verified from full text,High,Correlation,0,-0.04002135383676825,6.637258031284457,Europe,Performance task,Report-072
R072-E12,Report-072,R072,Lakicevic N,2025.0,Russia,Cross-sectional observational,0,0,763,Mixed or unclear age band,Interactive or gaming,Interactive or entertainment,Visual working memory,Working memory or updating,DCCS and NEPSY-II,Core EF,Single assessment at age 5–6 years,Spearman rho,0.03,0,0.03,0.030009004863126475,0.0013157894736842105,Primary three-level model,1,5.9,0.375,Verified from full text,High,Correlation,0,0.030009004863126475,6.637258031284457,Europe,Performance task,Report-072
R072-E13,Report-072,R072,Lakicevic N,2025.0,Russia,Cross-sectional observational,0,0,763,Mixed or unclear age band,Interactive or gaming,Interactive or entertainment,Visual working memory,Working memory or updating,DCCS and NEPSY-II,Core EF,Single assessment at age 5–6 years,Spearman rho,0.0,0,0.0,0.0,0.0013157894736842105,Primary three-level model,1,5.9,0.375,Verified from full text,High,Correlation,0,0.0,6.637258031284457,Europe,Performance task,Report-072
R072-E14,Report-072,R072,Lakicevic N,2025.0,Russia,Cross-sectional observational,0,0,763,Mixed or unclear age band,Total or mixed screen exposure,Mixed or unspecified,Visual working memory,Working memory or updating,DCCS and NEPSY-II,Core EF,Single assessment at age 5–6 years,Spearman rho,-0.02,0,-0.02,-0.020002667306849624,0.0013157894736842105,Primary three-level model,1,5.9,0.375,Verified from full text,High,Correlation,0,-0.020002667306849624,6.637258031284457,Europe,Performance task,Report-072
R072-E15,Report-072,R072,Lakicevic N,2025.0,Russia,Cross-sectional observational,0,0,763,Mixed or unclear age band,Passive or background viewing,Passive viewing,Verbal working memory,Working memory or updating,DCCS and NEPSY-II,Core EF,Single assessment at age 5–6 years,Spearman rho,-0.13,0,-0.13,-0.13073985002887836,0.0013157894736842105,Primary three-level model,1,5.9,0.375,Verified from full text,High,Correlation,0,-0.13073985002887836,6.637258031284457,Europe,Performance task,Report-072
R072-E16,Report-072,R072,Lakicevic N,2025.0,Russia,Cross-sectional observational,0,0,763,Mixed or unclear age band,Passive or background viewing,Passive viewing,Verbal working memory,Working memory or updating,DCCS and NEPSY-II,Core EF,Single assessment at age 5–6 years,Spearman rho,-0.1,0,-0.1,-0.10033534773107562,0.0013157894736842105,Primary three-level model,1,5.9,0.375,Verified from full text,High,Correlation,0,-0.10033534773107562,6.637258031284457,Europe,Performance task,Report-072
R072-E17,Report-072,R072,Lakicevic N,2025.0,Russia,Cross-sectional observational,0,0,763,Mixed or unclear age band,Passive or background viewing,Passive viewing,Verbal working memory,Working memory or updating,DCCS and NEPSY-II,Core EF,Single assessment at age 5–6 years,Spearman rho,-0.14,0,-0.14,-0.14092557607049394,0.0013157894736842105,Primary three-level model,1,5.9,0.375,Verified from full text,High,Correlation,0,-0.14092557607049394,6.637258031284457,Europe,Performance task,Report-072
R072-E18,Report-072,R072,Lakicevic N,2025.0,Russia,Cross-sectional observational,0,0,763,Mixed or unclear age band,Interactive or gaming,Interactive or entertainment,Verbal working memory,Working memory or updating,DCCS and NEPSY-II,Core EF,Single assessment at age 5–6 years,Spearman rho,-0.13,0,-0.13,-0.13073985002887836,0.0013157894736842105,Primary three-level model,1,5.9,0.375,Verified from full text,High,Correlation,0,-0.13073985002887836,6.637258031284457,Europe,Performance task,Report-072
R072-E19,Report-072,R072,Lakicevic N,2025.0,Russia,Cross-sectional observational,0,0,763,Mixed or unclear age band,Interactive or gaming,Interactive or entertainment,Verbal working memory,Working memory or updating,DCCS and NEPSY-II,Core EF,Single assessment at age 5–6 years,Spearman rho,-0.11,0,-0.11,-0.1104469157900972,0.0013157894736842105,Primary three-level model,1,5.9,0.375,Verified from full text,High,Correlation,0,-0.1104469157900972,6.637258031284457,Europe,Performance task,Report-072
R072-E20,Report-072,R072,Lakicevic N,2025.0,Russia,Cross-sectional observational,0,0,763,Mixed or unclear age band,Interactive or gaming,Interactive or entertainment,Verbal working memory,Working memory or updating,DCCS and NEPSY-II,Core EF,Single assessment at age 5–6 years,Spearman rho,-0.13,0,-0.13,-0.13073985002887836,0.0013157894736842105,Primary three-level model,1,5.9,0.375,Verified from full text,High,Correlation,0,-0.13073985002887836,6.637258031284457,Europe,Performance task,Report-072
R072-E21,Report-072,R072,Lakicevic N,2025.0,Russia,Cross-sectional observational,0,0,763,Mixed or unclear age band,Total or mixed screen exposure,Mixed or unspecified,Verbal working memory,Working memory or updating,DCCS and NEPSY-II,Core EF,Single assessment at age 5–6 years,Spearman rho,-0.17,0,-0.17,-0.17166666350057908,0.0013157894736842105,Primary three-level model,1,5.9,0.375,Verified from full text,High,Correlation,0,-0.17166666350057908,6.637258031284457,Europe,Performance task,Report-072
R072-E22,Report-072,R072,Lakicevic N,2025.0,Russia,Cross-sectional observational,0,0,763,Mixed or unclear age band,Passive or background viewing,Passive viewing,Inhibition,Inhibitory control,DCCS and NEPSY-II,Core EF,Single assessment at age 5–6 years,Spearman rho,-0.08,0,-0.08,-0.08017132503758968,0.0013157894736842105,Primary three-level model,1,5.9,0.375,Verified from full text,High,Correlation,0,-0.08017132503758968,6.637258031284457,Europe,Performance task,Report-072
R072-E23,Report-072,R072,Lakicevic N,2025.0,Russia,Cross-sectional observational,0,0,763,Mixed or unclear age band,Passive or background viewing,Passive viewing,Inhibition,Inhibitory control,DCCS and NEPSY-II,Core EF,Single assessment at age 5–6 years,Spearman rho,0.0,0,0.0,0.0,0.0013157894736842105,Primary three-level model,1,5.9,0.375,Verified from full text,High,Correlation,0,0.0,6.637258031284457,Europe,Performance task,Report-072
R072-E24,Report-072,R072,Lakicevic N,2025.0,Russia,Cross-sectional observational,0,0,763,Mixed or unclear age band,Passive or background viewing,Passive viewing,Inhibition,Inhibitory control,DCCS and NEPSY-II,Core EF,Single assessment at age 5–6 years,Spearman rho,-0.05,0,-0.05,-0.05004172927849133,0.0013157894736842105,Primary three-level model,1,5.9,0.375,Verified from full text,High,Correlation,0,-0.05004172927849133,6.637258031284457,Europe,Performance task,Report-072
R072-E25,Report-072,R072,Lakicevic N,2025.0,Russia,Cross-sectional observational,0,0,763,Mixed or unclear age band,Interactive or gaming,Interactive or entertainment,Inhibition,Inhibitory control,DCCS and NEPSY-II,Core EF,Single assessment at age 5–6 years,Spearman rho,-0.06,0,-0.06,-0.06007215592103167,0.0013157894736842105,Primary three-level model,1,5.9,0.375,Verified from full text,High,Correlation,0,-0.06007215592103167,6.637258031284457,Europe,Performance task,Report-072
R072-E26,Report-072,R072,Lakicevic N,2025.0,Russia,Cross-sectional observational,0,0,763,Mixed or unclear age band,Interactive or gaming,Interactive or entertainment,Inhibition,Inhibitory control,DCCS and NEPSY-II,Core EF,Single assessment at age 5–6 years,Spearman rho,-0.03,0,-0.03,-0.03000900486312652,0.0013157894736842105,Primary three-level model,1,5.9,0.375,Verified from full text,High,Correlation,0,-0.03000900486312652,6.637258031284457,Europe,Performance task,Report-072
R072-E27,Report-072,R072,Lakicevic N,2025.0,Russia,Cross-sectional observational,0,0,763,Mixed or unclear age band,Interactive or gaming,Interactive or entertainment,Inhibition,Inhibitory control,DCCS and NEPSY-II,Core EF,Single assessment at age 5–6 years,Spearman rho,-0.04,0,-0.04,-0.04002135383676825,0.0013157894736842105,Primary three-level model,1,5.9,0.375,Verified from full text,High,Correlation,0,-0.04002135383676825,6.637258031284457,Europe,Performance task,Report-072
R072-E28,Report-072,R072,Lakicevic N,2025.0,Russia,Cross-sectional observational,0,0,763,Mixed or unclear age band,Total or mixed screen exposure,Mixed or unspecified,Inhibition,Inhibitory control,DCCS and NEPSY-II,Core EF,Single assessment at age 5–6 years,Spearman rho,-0.06,0,-0.06,-0.06007215592103167,0.0013157894736842105,Primary three-level model,1,5.9,0.375,Verified from full text,High,Correlation,0,-0.06007215592103167,6.637258031284457,Europe,Performance task,Report-072
R077-E01,Report-077,R077,Kouhbanani,2023.0,Iran,Cross-sectional observational,0,0,133,Middle childhood (6–11 years),Total or mixed screen exposure,Mixed or unspecified,Global executive function,Global executive function,Behavioral/EEG study,Core EF,,Pearson r,-0.38,0,-0.38,-0.4000596500560565,0.007692307692307693,Primary three-level model,1,,,Not required for the three core EF-domain analyses,High,Correlation,0,-0.4000596500560565,4.890349128221754,Middle East,Performance task,Report-077
R079-E01,Report-079,R079,Xu,2023.0,China,Cross-sectional observational,0,0,431,Mixed or unclear age band,Interactive or gaming,Interactive or entertainment,Global executive function,Global executive function,Questionnaire,Core EF,,Pearson r,-0.65,0,-0.65,-0.7752987062055835,0.002336448598130841,Primary three-level model,1,,,Not required for the three core EF-domain analyses,High,Correlation,0,-0.7752987062055835,6.066108090103747,East Asia,Rating / questionnaire,Report-079
R080-E01,Report-080,R080,Cui,2024.0,China,Cross-sectional observational,0,0,62,Mixed or unclear age band,Total or mixed screen exposure,Mixed or unspecified,Inhibitory control accuracy,Inhibitory control,Stroop incongruent accuracy,Core EF,,Group means,,0,-0.24760259571163756,-0.2528572088918466,0.015651100990126485,Sensitivity three-level model,0,11.8212903225806,,Verified mean; SD not reported,Moderate,Standardized mean difference conversion,0,-0.2528572088918466,4.127134385045092,East Asia,Performance task,Report-080
R087-E01,Report-087,R087,Luo,2021.0,China,Cross-sectional observational,0,0,10,Adolescence (12–18 years),Social media or multitasking,Interactive or entertainment,Working-memory difficulties,Working memory or updating,BRIEF Working Memory,Core EF,,Pearson r,0.35,0,-0.35,-0.36544375427139614,0.14285714285714285,Sensitivity three-level model,0,16.05,0.84,Verified from full text,Moderate,Correlation,0,-0.36544375427139614,2.302585092994046,East Asia,Rating / questionnaire,Report-087
R087-E02,Report-087,R087,Luo,2021.0,China,Cross-sectional observational,0,0,10,Adolescence (12–18 years),Social media or multitasking,Interactive or entertainment,Inhibition difficulties,Inhibitory control,BRIEF Inhibit,Core EF,,Pearson r,0.62,0,-0.62,-0.7250050877529992,0.14285714285714285,Sensitivity three-level model,0,16.05,0.84,Verified from full text,Moderate,Correlation,0,-0.7250050877529992,2.302585092994046,East Asia,Rating / questionnaire,Report-087
R087-E03,Report-087,R087,Luo,2021.0,China,Cross-sectional observational,0,0,10,Adolescence (12–18 years),Social media or multitasking,Interactive or entertainment,Shifting difficulties,Cognitive flexibility or shifting,BRIEF Shift,Core EF,,Pearson r,0.35,0,-0.35,-0.36544375427139614,0.14285714285714285,Sensitivity three-level model,0,16.05,0.84,Verified from full text,Moderate,Correlation,0,-0.36544375427139614,2.302585092994046,East Asia,Rating / questionnaire,Report-087
R087-E04,Report-087,R087,Luo,2021.0,China,Cross-sectional observational,0,0,10,Adolescence (12–18 years),Social media or multitasking,Interactive or entertainment,Global EF difficulties,Global executive function,DEX,Core EF,,Pearson r,0.65,0,-0.65,-0.7752987062055836,0.14285714285714285,Sensitivity three-level model,0,16.05,0.84,Verified from full text,Moderate,Correlation,0,-0.7752987062055836,2.302585092994046,East Asia,Performance task,Report-087
R087-E05,Report-087,R087,Luo,2021.0,China,Cross-sectional observational,0,0,10,Adolescence (12–18 years),Social media or multitasking,Interactive or entertainment,Working memory,Working memory or updating,2-back accuracy,Core EF,,Pearson r,-0.24,0,-0.24,-0.2447741126593529,0.14285714285714285,Sensitivity three-level model,0,16.05,0.84,Verified from full text,Moderate,Correlation,0,-0.2447741126593529,2.302585092994046,East Asia,Performance task,Report-087
R087-E06,Report-087,R087,Luo,2021.0,China,Cross-sectional observational,0,0,10,Adolescence (12–18 years),Social media or multitasking,Interactive or entertainment,Working memory,Working memory or updating,2-back reaction time,Core EF,,Pearson r,0.04,0,-0.04,-0.04002135383676822,0.14285714285714285,Sensitivity three-level model,0,16.05,0.84,Verified from full text,Moderate,Correlation,0,-0.04002135383676822,2.302585092994046,East Asia,Performance task,Report-087
R087-E07,Report-087,R087,Luo,2021.0,China,Cross-sectional observational,0,0,10,Adolescence (12–18 years),Social media or multitasking,Interactive or entertainment,Inhibitory control,Inhibitory control,Color Stroop accuracy,Core EF,,Pearson r,-0.43,0,-0.43,-0.4598966812126785,0.14285714285714285,Sensitivity three-level model,0,16.05,0.84,Verified from full text,Moderate,Correlation,0,-0.4598966812126785,2.302585092994046,East Asia,Performance task,Report-087
R087-E08,Report-087,R087,Luo,2021.0,China,Cross-sectional observational,0,0,10,Adolescence (12–18 years),Social media or multitasking,Interactive or entertainment,Inhibitory control,Inhibitory control,Color Stroop reaction time,Core EF,,Pearson r,-0.48,0,0.48,0.5229842775913438,0.14285714285714285,Sensitivity three-level model,0,16.05,0.84,Verified from full text,Moderate,Correlation,0,0.5229842775913438,2.302585092994046,East Asia,Performance task,Report-087
R087-E09,Report-087,R087,Luo,2021.0,China,Cross-sectional observational,0,0,10,Adolescence (12–18 years),Social media or multitasking,Interactive or entertainment,Cognitive flexibility,Cognitive flexibility or shifting,Task-switch cost,Core EF,,Pearson r,-0.04,0,0.04,0.04002135383676822,0.14285714285714285,Sensitivity three-level model,0,16.05,0.84,Verified from full text,Moderate,Correlation,0,0.04002135383676822,2.302585092994046,East Asia,Performance task,Report-087
R087-E10,Report-087,R087,Luo,2021.0,China,Cross-sectional observational,0,0,12,Adolescence (12–18 years),Social media or multitasking,Interactive or entertainment,Working-memory difficulties,Working memory or updating,BRIEF Working Memory,Core EF,,Pearson r,-0.04,0,0.04,0.04002135383676822,0.1111111111111111,Sensitivity three-level model,0,16.05,0.84,Verified from full text,Moderate,Correlation,0,0.04002135383676822,2.4849066497880004,East Asia,Rating / questionnaire,Report-087
R087-E11,Report-087,R087,Luo,2021.0,China,Cross-sectional observational,0,0,12,Adolescence (12–18 years),Social media or multitasking,Interactive or entertainment,Inhibition difficulties,Inhibitory control,BRIEF Inhibit,Core EF,,Pearson r,0.13,0,-0.13,-0.13073985002887842,0.1111111111111111,Sensitivity three-level model,0,16.05,0.84,Verified from full text,Moderate,Correlation,0,-0.13073985002887842,2.4849066497880004,East Asia,Rating / questionnaire,Report-087
R087-E12,Report-087,R087,Luo,2021.0,China,Cross-sectional observational,0,0,12,Adolescence (12–18 years),Social media or multitasking,Interactive or entertainment,Shifting difficulties,Cognitive flexibility or shifting,BRIEF Shift,Core EF,,Pearson r,-0.13,0,0.13,0.13073985002887842,0.1111111111111111,Sensitivity three-level model,0,16.05,0.84,Verified from full text,Moderate,Correlation,0,0.13073985002887842,2.4849066497880004,East Asia,Rating / questionnaire,Report-087
R087-E13,Report-087,R087,Luo,2021.0,China,Cross-sectional observational,0,0,12,Adolescence (12–18 years),Social media or multitasking,Interactive or entertainment,Global EF difficulties,Global executive function,DEX,Core EF,,Pearson r,0.1,0,-0.1,-0.1003353477310756,0.1111111111111111,Sensitivity three-level model,0,16.05,0.84,Verified from full text,Moderate,Correlation,0,-0.1003353477310756,2.4849066497880004,East Asia,Performance task,Report-087
R087-E14,Report-087,R087,Luo,2021.0,China,Cross-sectional observational,0,0,12,Adolescence (12–18 years),Social media or multitasking,Interactive or entertainment,Working memory,Working memory or updating,2-back accuracy,Core EF,,Pearson r,0.55,0,0.55,0.6183813135744636,0.1111111111111111,Sensitivity three-level model,0,16.05,0.84,Verified from full text,Moderate,Correlation,0,0.6183813135744636,2.4849066497880004,East Asia,Performance task,Report-087
R087-E15,Report-087,R087,Luo,2021.0,China,Cross-sectional observational,0,0,12,Adolescence (12–18 years),Social media or multitasking,Interactive or entertainment,Working memory,Working memory or updating,2-back reaction time,Core EF,,Pearson r,-0.09,0,0.09,0.09024418785614682,0.1111111111111111,Sensitivity three-level model,0,16.05,0.84,Verified from full text,Moderate,Correlation,0,0.09024418785614682,2.4849066497880004,East Asia,Performance task,Report-087
R087-E16,Report-087,R087,Luo,2021.0,China,Cross-sectional observational,0,0,12,Adolescence (12–18 years),Social media or multitasking,Interactive or entertainment,Inhibitory control,Inhibitory control,Color Stroop accuracy,Core EF,,Pearson r,-0.37,0,-0.37,-0.38842309971829614,0.1111111111111111,Sensitivity three-level model,0,16.05,0.84,Verified from full text,Moderate,Correlation,0,-0.38842309971829614,2.4849066497880004,East Asia,Performance task,Report-087
R087-E17,Report-087,R087,Luo,2021.0,China,Cross-sectional observational,0,0,12,Adolescence (12–18 years),Social media or multitasking,Interactive or entertainment,Inhibitory control,Inhibitory control,Color Stroop reaction time,Core EF,,Pearson r,0.09,0,-0.09,-0.09024418785614682,0.1111111111111111,Sensitivity three-level model,0,16.05,0.84,Verified from full text,Moderate,Correlation,0,-0.09024418785614682,2.4849066497880004,East Asia,Performance task,Report-087
R087-E18,Report-087,R087,Luo,2021.0,China,Cross-sectional observational,0,0,12,Adolescence (12–18 years),Social media or multitasking,Interactive or entertainment,Cognitive flexibility,Cognitive flexibility or shifting,Task-switch cost,Core EF,,Pearson r,-0.25,0,0.25,0.25541281188299536,0.1111111111111111,Sensitivity three-level model,0,16.05,0.84,Verified from full text,Moderate,Correlation,0,0.25541281188299536,2.4849066497880004,East Asia,Performance task,Report-087
R087-E19,Report-087,R087,Luo,2021.0,China,Cross-sectional observational,0,0,22,Adolescence (12–18 years),Social media or multitasking,Interactive or entertainment,Working-memory difficulties,Working memory or updating,BRIEF Working Memory,Core EF,,Cohen d,1.41,0,-0.5597116185343506,-0.6324131492978439,0.05263157894736842,Sensitivity three-level model,0,16.05,0.84,Verified from full text,Moderate,Standardized mean difference conversion,0,-0.6324131492978439,3.091042453358316,East Asia,Rating / questionnaire,Report-087
R087-E20,Report-087,R087,Luo,2021.0,China,Cross-sectional observational,0,0,22,Adolescence (12–18 years),Social media or multitasking,Interactive or entertainment,Inhibition difficulties,Inhibitory control,BRIEF Inhibit,Core EF,,Cohen d,1.5,0,-0.5835189438603985,-0.6677819260385488,0.05263157894736842,Sensitivity three-level model,0,16.05,0.84,Verified from full text,Moderate,Standardized mean difference conversion,0,-0.6677819260385488,3.091042453358316,East Asia,Rating / questionnaire,Report-087
R087-E21,Report-087,R087,Luo,2021.0,China,Cross-sectional observational,0,0,22,Adolescence (12–18 years),Social media or multitasking,Interactive or entertainment,Shifting difficulties,Cognitive flexibility or shifting,BRIEF Shift,Core EF,,Cohen d,0.74,0,-0.33410573177897496,-0.34744279051349325,0.05263157894736842,Sensitivity three-level model,0,16.05,0.84,Verified from full text,Moderate,Standardized mean difference conversion,0,-0.34744279051349325,3.091042453358316,East Asia,Rating / questionnaire,Report-087
R087-E22,Report-087,R087,Luo,2021.0,China,Cross-sectional observational,0,0,22,Adolescence (12–18 years),Social media or multitasking,Interactive or entertainment,Global EF difficulties,Global executive function,DEX,Core EF,,Cohen d,1.11,0,-0.4694741398256934,-0.5093955920515006,0.05263157894736842,Sensitivity three-level model,0,16.05,0.84,Verified from full text,Moderate,Standardized mean difference conversion,0,-0.5093955920515006,3.091042453358316,East Asia,Performance task,Report-087
R087-E23,Report-087,R087,Luo,2021.0,China,Cross-sectional observational,0,0,22,Adolescence (12–18 years),Social media or multitasking,Interactive or entertainment,Working memory,Working memory or updating,2-back accuracy,Core EF,,Cohen d,0.61,0,0.28047417736392527,0.28819666200002314,0.05263157894736842,Sensitivity three-level model,0,16.05,0.84,Verified from full text,Moderate,Standardized mean difference conversion,0,0.28819666200002314,3.091042453358316,East Asia,Performance task,Report-087
R087-E24,Report-087,R087,Luo,2021.0,China,Cross-sectional observational,0,0,22,Adolescence (12–18 years),Social media or multitasking,Interactive or entertainment,Working memory,Working memory or updating,2-back reaction time,Core EF,,Cohen d,0.15,0,0.07166836269113212,0.07179144693578302,0.05263157894736842,Sensitivity three-level model,0,16.05,0.84,Verified from full text,Moderate,Standardized mean difference conversion,0,0.07179144693578302,3.091042453358316,East Asia,Performance task,Report-087
R087-E25,Report-087,R087,Luo,2021.0,China,Cross-sectional observational,0,0,22,Adolescence (12–18 years),Social media or multitasking,Interactive or entertainment,Inhibitory control,Inhibitory control,Color Stroop accuracy,Core EF,,Cohen d,0.0,0,0.0,0.0,0.05263157894736842,Sensitivity three-level model,0,16.05,0.84,Verified from full text,Moderate,Standardized mean difference conversion,0,0.0,3.091042453358316,East Asia,Performance task,Report-087
R087-E26,Report-087,R087,Luo,2021.0,China,Cross-sectional observational,0,0,22,Adolescence (12–18 years),Social media or multitasking,Interactive or entertainment,Inhibitory control,Inhibitory control,Color Stroop reaction time,Core EF,,Cohen d,0.06,0,0.02872938908540903,0.028737297202048546,0.05263157894736842,Sensitivity three-level model,0,16.05,0.84,Verified from full text,Moderate,Standardized mean difference conversion,0,0.028737297202048546,3.091042453358316,East Asia,Performance task,Report-087
R087-E27,Report-087,R087,Luo,2021.0,China,Cross-sectional observational,0,0,22,Adolescence (12–18 years),Social media or multitasking,Interactive or entertainment,Cognitive flexibility,Cognitive flexibility or shifting,Task-switch cost,Core EF,,Cohen d,0.11,0,-0.05261929913867681,-0.052667943917621876,0.05263157894736842,Sensitivity three-level model,0,16.05,0.84,Verified from full text,Moderate,Standardized mean difference conversion,0,-0.052667943917621876,3.091042453358316,East Asia,Performance task,Report-087
R089-E01,Report-089,R089,Qu,2025.0,China,Cross-sectional observational,0,0,3322,Early childhood (3–5 years),Total or mixed screen exposure,Mixed or unspecified,Global executive function,Global executive function,15-item parent-rated BRIEF-P (five subscales),Core EF,,Pearson r,-0.3,0,-0.3,-0.30951960420311175,0.00030129557095510696,Primary three-level model,1,,,Not required for the three core EF-domain analyses,High,Correlation,0,-0.30951960420311175,8.10832229017324,East Asia,Rating / questionnaire,Report-089
R107-E01,Report-107,R107,Li H,2020.0,China,Experimental,0,1,60,Mixed or unclear age band,Passive or background viewing,Passive viewing,Global EF composite,Global executive function,Backward Digit Span + Flexible Item Selection + Head-Toes-Knees-Shoulders,Core EF,,Cohen d,0.66,0,-0.3097002914625226,-0.3202138706966537,0.017543859649122806,Primary three-level model,1,,,Not required for the three core EF-domain analyses,Moderate,Standardized mean difference conversion,0,-0.3202138706966537,4.0943445622221,East Asia,Performance task,Report-107
R107-E02,Report-107,R107,Li H,2020.0,China,Experimental,0,1,20,Mixed or unclear age band,Passive or background viewing,Passive viewing,Global EF composite,Global executive function,Behavioral EF composite,Core EF,,Cohen d,0.31,0,-0.14684150363492274,-0.14791079171773183,0.058823529411764705,Primary three-level model,1,,,Not required for the three core EF-domain analyses,Moderate,Standardized mean difference conversion,0,-0.14791079171773183,2.995732273553991,East Asia,Performance task,Report-107
R107-E03,Report-107,R107,Li H,2020.0,China,Experimental,0,1,20,Mixed or unclear age band,Passive or background viewing,Passive viewing,Global EF composite,Global executive function,Behavioral EF composite,Core EF,,Cohen d,0.31,0,-0.14684150363492274,-0.14791079171773183,0.058823529411764705,Primary three-level model,1,,,Not required for the three core EF-domain analyses,Moderate,Standardized mean difference conversion,0,-0.14791079171773183,2.995732273553991,East Asia,Performance task,Report-107
R125-E01,Report-125,R125,Cain MS,2016.0,United States,Cross-sectional observational,0,0,69,Adolescence (12–18 years),Social media or multitasking,Interactive or entertainment,Working-memory capacity,Working memory or updating,Count span,Core EF,,Pearson r,-0.27,0,-0.27,-0.27686382265510007,0.015151515151515152,Primary three-level model,1,14.4,0.63,Verified from full text,High,Correlation,0,-0.27686382265510007,4.23410650459726,North America,Performance task,Report-125
R125-E02,Report-125,R125,Cain MS,2016.0,United States,Cross-sectional observational,0,0,58,Adolescence (12–18 years),Social media or multitasking,Interactive or entertainment,Working-memory performance,Working memory or updating,N-back,Core EF,,Pearson r,-0.38,0,-0.38,-0.4000596500560566,0.01818181818181818,Primary three-level model,1,14.4,0.63,Verified from full text,High,Correlation,0,-0.4000596500560566,4.060443010546419,North America,Performance task,Report-125
R139-E01,Report-139,R139,Li H,2021.0,China,Cross-sectional observational,0,0,24,Mixed or unclear age band,Interactive or gaming,Interactive or entertainment,Global EF/cognitive flexibility,Cognitive flexibility or shifting,DCCS,Core EF,,t statistic,2.256,0,-0.4334493062091788,-0.46413617931721995,0.047619047619047616,Sensitivity three-level model,0,4.87666666666667,0.604146301505843,Derived from full-text group data,Moderate,Standardized mean difference conversion,0,-0.46413617931721995,3.1780538303479458,East Asia,Performance task,Report-139
R144-E01,Report-144,R144,Mortimer A,2024.0,United Kingdom,Longitudinal observational,1,0,101,Mixed or unclear age band,Interactive or gaming,Interactive or entertainment,Flexibility difficulties,Cognitive flexibility or shifting,BRIEF-P Flexibility Index,Core EF,,Spearman rho,0.27,0,-0.27,-0.27686382265510007,0.01020408163265306,Primary three-level model,1,0.839166666666667,0.0233333333333333,Verified from full text,High,Correlation,0,-0.27686382265510007,4.61512051684126,Europe,Rating / questionnaire,Report-144
R146-E01,ABCD,R146,Chaarani B,2026.0,United States,Cross-sectional observational,0,0,6191,Mixed or unclear age band,Interactive or gaming,Interactive or entertainment,Cognitive flexibility,Cognitive flexibility or shifting,Card sorting,Core EF,,Unstandardized B (SE),1.599,1,0.04230658558857056,0.042331853503913,0.00016160310277957336,Primary three-level model,1,9.91546909492274,0.627357000911553,Derived from full-text group data,Moderate,Regression coefficient,0,0.042331853503913,8.730851903519232,North America,Performance task,ABCD
R146-E02,ABCD,R146,Chaarani B,2026.0,United States,Cross-sectional observational,0,0,3246,Mixed or unclear age band,Interactive or gaming,Interactive or entertainment,Cognitive flexibility,Cognitive flexibility or shifting,Card sorting,Core EF,,Unstandardized B (SE),1.422,1,0.04285849880983068,0.04288476932658764,0.0003083564600678384,Primary three-level model,1,9.91441158348737,0.626202659976591,Derived from full-text group data,Moderate,Regression coefficient,0,0.04288476932658764,8.085178748074537,North America,Performance task,ABCD
R146-E03,ABCD,R146,Chaarani B,2026.0,United States,Cross-sectional observational,0,0,2227,Mixed or unclear age band,Interactive or gaming,Interactive or entertainment,Cognitive flexibility,Cognitive flexibility or shifting,Card sorting,Core EF,,Unstandardized B (SE),1.49,1,0.04352827260400677,0.043555795057651614,0.0004496402877697842,Primary three-level model,1,9.91677630594222,0.631301226909088,Derived from full-text group data,Moderate,Regression coefficient,0,0.043555795057651614,7.708410667257367,North America,Performance task,ABCD
R146-E04,ABCD,R146,Chaarani B,2026.0,United States,Cross-sectional observational,0,0,6191,Mixed or unclear age band,Interactive or gaming,Interactive or entertainment,Inhibitory control,Inhibitory control,Flanker,Core EF,,Unstandardized B (SE),1.508,1,0.044637586771225965,0.044667269272793096,0.00016160310277957336,Primary three-level model,1,9.91546909492274,0.627357000911553,Derived from full-text group data,Moderate,Regression coefficient,0,0.044667269272793096,8.730851903519232,North America,Performance task,ABCD
R146-E05,ABCD,R146,Chaarani B,2026.0,United States,Cross-sectional observational,0,0,3246,Mixed or unclear age band,Interactive or gaming,Interactive or entertainment,Inhibitory control,Inhibitory control,Flanker,Core EF,,Unstandardized B (SE),2.067,1,0.06962121748674763,0.06973403309124003,0.0003083564600678384,Primary three-level model,1,9.91441158348737,0.626202659976591,Derived from full-text group data,Moderate,Regression coefficient,0,0.06973403309124003,8.085178748074537,North America,Performance task,ABCD
R146-E06,ABCD,R146,Chaarani B,2026.0,United States,Cross-sectional observational,0,0,2227,Mixed or unclear age band,Interactive or gaming,Interactive or entertainment,Inhibitory control,Inhibitory control,Flanker,Core EF,,Unstandardized B (SE),2.414,1,0.07873123297699089,0.07889451534097917,0.0004496402877697842,Primary three-level model,1,9.91677630594222,0.631301226909088,Derived from full-text group data,Moderate,Regression coefficient,0,0.07889451534097917,7.708410667257367,North America,Performance task,ABCD
R146-E07,ABCD,R146,Chaarani B,2026.0,United States,Cross-sectional observational,0,0,2323,Mixed or unclear age band,Interactive or gaming,Interactive or entertainment,Inhibitory control,Inhibitory control,Flanker,Core EF,,Unstandardized B (SE),1.91,1,0.06088020564470173,0.06095558880927449,0.0004310344827586207,Primary three-level model,1,9.91429365762663,0.625669071020128,Derived from full-text group data,Moderate,Regression coefficient,0,0.06095558880927449,7.750614732770409,North America,Performance task,ABCD
R146-E08,ABCD,R146,Chaarani B,2026.0,United States,Cross-sectional observational,0,0,5584,Mixed or unclear age band,Interactive or gaming,Interactive or entertainment,Working memory,Working memory or updating,0-back d-prime,Core EF,,Unstandardized B (SE),0.134,1,0.06628115186135967,0.06637847043587797,0.00017917935853789643,Primary three-level model,1,9.91546909492274,0.627357000911553,Derived from full-text group data,Moderate,Regression coefficient,0,0.06637847043587797,8.627660644442209,North America,Performance task,ABCD
R146-E09,ABCD,R146,Chaarani B,2026.0,United States,Cross-sectional observational,0,0,2909,Mixed or unclear age band,Interactive or gaming,Interactive or entertainment,Working memory,Working memory or updating,0-back d-prime,Core EF,,Unstandardized B (SE),0.117,1,0.06765767674290901,0.06776119693315479,0.00034411562284927734,Primary three-level model,1,9.91441158348737,0.626202659976591,Derived from full-text group data,Moderate,Regression coefficient,0,0.06776119693315479,7.975564658495202,North America,Performance task,ABCD
R146-E10,ABCD,R146,Chaarani B,2026.0,United States,Cross-sectional observational,0,0,1989,Mixed or unclear age band,Interactive or gaming,Interactive or entertainment,Working memory,Working memory or updating,0-back d-prime,Core EF,,Unstandardized B (SE),0.147,1,0.08017412713528022,0.08034657622352148,0.0005035246727089627,Primary three-level model,1,9.91677630594222,0.631301226909088,Derived from full-text group data,Moderate,Regression coefficient,0,0.08034657622352148,7.5953872788539725,North America,Performance task,ABCD
R146-E11,ABCD,R146,Chaarani B,2026.0,United States,Cross-sectional observational,0,0,2028,Mixed or unclear age band,Interactive or gaming,Interactive or entertainment,Working memory,Working memory or updating,0-back d-prime,Core EF,,Unstandardized B (SE),0.091,1,0.04925047923641405,0.04929035810433526,0.0004938271604938272,Primary three-level model,1,9.91429365762663,0.625669071020128,Derived from full-text group data,Moderate,Regression coefficient,0,0.04929035810433526,7.614805364711073,North America,Performance task,ABCD
R146-E12,ABCD,R146,Chaarani B,2026.0,United States,Cross-sectional observational,0,0,5584,Mixed or unclear age band,Interactive or gaming,Interactive or entertainment,Working memory,Working memory or updating,2-back d-prime,Core EF,,Unstandardized B (SE),0.119,1,0.05484032268606139,0.0548953988142855,0.00017917935853789643,Primary three-level model,1,9.91546909492274,0.627357000911553,Derived from full-text group data,Moderate,Regression coefficient,0,0.0548953988142855,8.627660644442209,North America,Performance task,ABCD
R146-E13,ABCD,R146,Chaarani B,2026.0,United States,Cross-sectional observational,0,0,2909,Mixed or unclear age band,Interactive or gaming,Interactive or entertainment,Working memory,Working memory or updating,2-back d-prime,Core EF,,Unstandardized B (SE),0.121,1,0.06398878461996636,0.06407633521294794,0.00034411562284927734,Primary three-level model,1,9.91441158348737,0.626202659976591,Derived from full-text group data,Moderate,Regression coefficient,0,0.06407633521294794,7.975564658495202,North America,Performance task,ABCD
R146-E14,ABCD,R146,Chaarani B,2026.0,United States,Cross-sectional observational,0,0,1989,Mixed or unclear age band,Interactive or gaming,Interactive or entertainment,Working memory,Working memory or updating,2-back d-prime,Core EF,,Unstandardized B (SE),0.179,1,0.09088668238901253,0.09113818318564092,0.0005035246727089627,Primary three-level model,1,9.91677630594222,0.631301226909088,Derived from full-text group data,Moderate,Regression coefficient,0,0.09113818318564092,7.5953872788539725,North America,Performance task,ABCD
R146-E15,ABCD,R146,Chaarani B,2026.0,United States,Cross-sectional observational,0,0,2028,Mixed or unclear age band,Interactive or gaming,Interactive or entertainment,Working memory,Working memory or updating,2-back d-prime,Core EF,,Unstandardized B (SE),0.158,1,0.0777691851529577,0.07792654043794763,0.0004938271604938272,Primary three-level model,1,9.91429365762663,0.625669071020128,Derived from full-text group data,Moderate,Regression coefficient,0,0.07792654043794763,7.614805364711073,North America,Performance task,ABCD
R148-E01,Report-148,R148,Rai J,2023.0,Canada,Cross-sectional observational,0,0,40,Mixed or unclear age band,Total or mixed screen exposure,Mixed or unspecified,Working memory,Working memory or updating,Virtual working-memory task,Core EF,,Spearman rho,-0.4,0,-0.4,-0.42364893019360184,0.02702702702702703,Primary three-level model,1,3.5,0.3,Verified from full text,High,Correlation,0,-0.42364893019360184,3.6888794541139363,North America,Performance task,Report-148
R148-E02,Report-148,R148,Rai J,2023.0,Canada,Cross-sectional observational,0,0,40,Mixed or unclear age band,Passive or background viewing,Passive viewing,Working memory,Working memory or updating,Virtual working-memory task,Core EF,,Spearman rho,-0.42,0,-0.42,-0.44769202352742066,0.02702702702702703,Primary three-level model,1,3.5,0.3,Verified from full text,High,Correlation,0,-0.44769202352742066,3.6888794541139363,North America,Performance task,Report-148
R150-E01,Report-150,R150,Yang J,2026.0,China; United Kingdom,Cross-sectional observational,0,0,650,Mixed or unclear age band,Total or mixed screen exposure,Mixed or unspecified,Self-control,Hot EF or self-regulation,Children’s Perceived Self-control Scale,Secondary/hot EF,,Pearson r,-0.27,0,-0.27,-0.27686382265510007,0.0015455950540958269,Primary three-level model,1,,,Not required for the three core EF-domain analyses,High,Correlation,0,-0.27686382265510007,6.476972362889683,Multinational,Rating / questionnaire,Report-150
R151-E01,All Our Families,R151,Hetherington E,2020.0,Canada,Longitudinal observational,1,0,1644,Mixed or unclear age band,Total or mixed screen exposure,Mixed or unspecified,Poor overall self-regulation at age 5,Hot EF or self-regulation,Parent-report composite,Secondary/hot EF,Age 3 → age 5,Odds ratio,1.34,1,-0.08041731234099053,-0.08059133951797243,0.0006093845216331506,Primary three-level model,1,,,Not required for the three core EF-domain analyses,Moderate,Odds ratio conversion,0,-0.08059133951797243,7.404887575616125,North America,Rating / questionnaire,All Our Families
R151-E02,All Our Families,R151,Hetherington E,2020.0,Canada,Longitudinal observational,1,0,1644,Mixed or unclear age band,Total or mixed screen exposure,Mixed or unspecified,Overall self-regulation,Hot EF or self-regulation,All self-regulation elements,Secondary/hot EF,Age 3 → age 5,Odds ratio,1.54,1,-0.11819276142954052,-0.11874778670550222,0.0006093845216331506,Primary three-level model,1,,,Not required for the three core EF-domain analyses,Moderate,Odds ratio conversion,0,-0.11874778670550222,7.404887575616125,North America,Performance task,All Our Families
R151-E03,All Our Families,R151,Hetherington E,2020.0,Canada,Longitudinal observational,1,0,1644,Mixed or unclear age band,Total or mixed screen exposure,Mixed or unspecified,Inattention/attention regulation,Hot EF or self-regulation,Inattention,Secondary/hot EF,Age 3 → age 5,Odds ratio,1.69,1,-0.1431590708796571,-0.14414926799710687,0.0006093845216331506,Primary three-level model,1,,,Not required for the three core EF-domain analyses,Moderate,Odds ratio conversion,0,-0.14414926799710687,7.404887575616125,North America,Performance task,All Our Families
R151-E04,All Our Families,R151,Hetherington E,2020.0,Canada,Longitudinal observational,1,0,1644,Mixed or unclear age band,Total or mixed screen exposure,Mixed or unspecified,Secondary self-regulation,Hot EF or self-regulation,Low emotional control,Secondary/hot EF,Age 3 → age 5,Odds ratio,1.14,1,-0.03609629488766379,-0.03611198428721219,0.0006093845216331506,Primary three-level model,1,,,Not required for the three core EF-domain analyses,Moderate,Odds ratio conversion,0,-0.03611198428721219,7.404887575616125,North America,Performance task,All Our Families
R151-E05,All Our Families,R151,Hetherington E,2020.0,Canada,Longitudinal observational,1,0,1644,Mixed or unclear age band,Total or mixed screen exposure,Mixed or unspecified,Secondary self-regulation,Hot EF or self-regulation,Low behavioral control,Secondary/hot EF,Age 3 → age 5,Odds ratio,1.38,1,-0.08843906606005984,-0.08867072865442821,0.0006093845216331506,Primary three-level model,1,,,Not required for the three core EF-domain analyses,Moderate,Odds ratio conversion,0,-0.08867072865442821,7.404887575616125,North America,Performance task,All Our Families
