Dataset,Repeat,Fold,Model,Inner_RMSE,Parameters
Meta-grade primary,1,1,Ridge,0.19317153360224737,"{""model__alpha"": 100.0}"
Meta-grade primary,1,1,Elastic net,0.21938030213254,"{""model__alpha"": 0.5, ""model__l1_ratio"": 0.5}"
Meta-grade primary,1,1,Random forest,0.17671190564105457,"{""model__max_features"": 0.5, ""model__min_samples_leaf"": 5}"
Meta-grade primary,1,1,Gradient boosting,0.24164359898902593,"{""model__l2_regularization"": 1.0, ""model__learning_rate"": 0.03, ""model__max_leaf_nodes"": 7, ""model__min_samples_leaf"": 5}"
Meta-grade primary,1,2,Ridge,0.18534356742187766,"{""model__alpha"": 100.0}"
Meta-grade primary,1,2,Elastic net,0.17106756928710462,"{""model__alpha"": 0.1, ""model__l1_ratio"": 0.1}"
Meta-grade primary,1,2,Random forest,0.18608559398978392,"{""model__max_features"": 0.5, ""model__min_samples_leaf"": 5}"
Meta-grade primary,1,2,Gradient boosting,0.17172545352881716,"{""model__l2_regularization"": 1.0, ""model__learning_rate"": 0.03, ""model__max_leaf_nodes"": 15, ""model__min_samples_leaf"": 5}"
Meta-grade primary,1,3,Ridge,0.18430780641490369,"{""model__alpha"": 1.0}"
Meta-grade primary,1,3,Elastic net,0.16400286506558856,"{""model__alpha"": 0.01, ""model__l1_ratio"": 0.1}"
Meta-grade primary,1,3,Random forest,0.17890165182320406,"{""model__max_features"": 1.0, ""model__min_samples_leaf"": 5}"
Meta-grade primary,1,3,Gradient boosting,0.18116496303391946,"{""model__l2_regularization"": 1.0, ""model__learning_rate"": 0.08, ""model__max_leaf_nodes"": 7, ""model__min_samples_leaf"": 5}"
Meta-grade primary,1,4,Ridge,0.17728830937120613,"{""model__alpha"": 100.0}"
Meta-grade primary,1,4,Elastic net,0.18981549803066977,"{""model__alpha"": 0.1, ""model__l1_ratio"": 0.5}"
Meta-grade primary,1,4,Random forest,0.16487084705295957,"{""model__max_features"": 0.5, ""model__min_samples_leaf"": 5}"
Meta-grade primary,1,4,Gradient boosting,0.2145328850866416,"{""model__l2_regularization"": 1.0, ""model__learning_rate"": 0.03, ""model__max_leaf_nodes"": 15, ""model__min_samples_leaf"": 5}"
Meta-grade primary,1,5,Ridge,0.1624398875707373,"{""model__alpha"": 100.0}"
Meta-grade primary,1,5,Elastic net,0.16216496747346262,"{""model__alpha"": 0.01, ""model__l1_ratio"": 0.5}"
Meta-grade primary,1,5,Random forest,0.15626451804946923,"{""model__max_features"": 0.5, ""model__min_samples_leaf"": 2}"
Meta-grade primary,1,5,Gradient boosting,0.18239388310780305,"{""model__l2_regularization"": 1.0, ""model__learning_rate"": 0.03, ""model__max_leaf_nodes"": 15, ""model__min_samples_leaf"": 5}"
Meta-grade primary,2,1,Ridge,0.18627982558250422,"{""model__alpha"": 100.0}"
Meta-grade primary,2,1,Elastic net,0.17122014731108554,"{""model__alpha"": 0.1, ""model__l1_ratio"": 0.1}"
Meta-grade primary,2,1,Random forest,0.19708010834775588,"{""model__max_features"": 0.5, ""model__min_samples_leaf"": 5}"
Meta-grade primary,2,1,Gradient boosting,0.18357193794900561,"{""model__l2_regularization"": 1.0, ""model__learning_rate"": 0.03, ""model__max_leaf_nodes"": 7, ""model__min_samples_leaf"": 5}"
Meta-grade primary,2,2,Ridge,0.175654719172471,"{""model__alpha"": 100.0}"
Meta-grade primary,2,2,Elastic net,0.17344208146327983,"{""model__alpha"": 0.1, ""model__l1_ratio"": 0.5}"
Meta-grade primary,2,2,Random forest,0.17816869276505298,"{""model__max_features"": 0.5, ""model__min_samples_leaf"": 5}"
Meta-grade primary,2,2,Gradient boosting,0.20755335191310634,"{""model__l2_regularization"": 1.0, ""model__learning_rate"": 0.03, ""model__max_leaf_nodes"": 7, ""model__min_samples_leaf"": 5}"
Meta-grade primary,2,3,Ridge,0.16989209695885615,"{""model__alpha"": 100.0}"
Meta-grade primary,2,3,Elastic net,0.18476131634183446,"{""model__alpha"": 0.5, ""model__l1_ratio"": 0.5}"
Meta-grade primary,2,3,Random forest,0.18515419763000085,"{""model__max_features"": 1.0, ""model__min_samples_leaf"": 5}"
Meta-grade primary,2,3,Gradient boosting,0.232079962834002,"{""model__l2_regularization"": 1.0, ""model__learning_rate"": 0.03, ""model__max_leaf_nodes"": 7, ""model__min_samples_leaf"": 5}"
Meta-grade primary,2,4,Ridge,0.16558416481663854,"{""model__alpha"": 100.0}"
Meta-grade primary,2,4,Elastic net,0.17121308063256221,"{""model__alpha"": 0.01, ""model__l1_ratio"": 0.5}"
Meta-grade primary,2,4,Random forest,0.21242130835182088,"{""model__max_features"": 0.5, ""model__min_samples_leaf"": 5}"
Meta-grade primary,2,4,Gradient boosting,0.20022808927575553,"{""model__l2_regularization"": 1.0, ""model__learning_rate"": 0.03, ""model__max_leaf_nodes"": 15, ""model__min_samples_leaf"": 5}"
Meta-grade primary,2,5,Ridge,0.15908402223483073,"{""model__alpha"": 100.0}"
Meta-grade primary,2,5,Elastic net,0.16384033436617623,"{""model__alpha"": 0.1, ""model__l1_ratio"": 0.1}"
Meta-grade primary,2,5,Random forest,0.15319287886491634,"{""model__max_features"": 0.5, ""model__min_samples_leaf"": 5}"
Meta-grade primary,2,5,Gradient boosting,0.16470695200794147,"{""model__l2_regularization"": 1.0, ""model__learning_rate"": 0.08, ""model__max_leaf_nodes"": 7, ""model__min_samples_leaf"": 5}"
Meta-grade primary,3,1,Ridge,0.16269487273097039,"{""model__alpha"": 100.0}"
Meta-grade primary,3,1,Elastic net,0.18771685325159318,"{""model__alpha"": 0.1, ""model__l1_ratio"": 0.1}"
Meta-grade primary,3,1,Random forest,0.18594337238737133,"{""model__max_features"": 0.5, ""model__min_samples_leaf"": 5}"
Meta-grade primary,3,1,Gradient boosting,0.22965724561266113,"{""model__l2_regularization"": 1.0, ""model__learning_rate"": 0.03, ""model__max_leaf_nodes"": 7, ""model__min_samples_leaf"": 5}"
Meta-grade primary,3,2,Ridge,0.19786726333354349,"{""model__alpha"": 100.0}"
Meta-grade primary,3,2,Elastic net,0.1785076768548706,"{""model__alpha"": 0.1, ""model__l1_ratio"": 0.5}"
Meta-grade primary,3,2,Random forest,0.19515570890427156,"{""model__max_features"": 0.5, ""model__min_samples_leaf"": 5}"
Meta-grade primary,3,2,Gradient boosting,0.19942134855405164,"{""model__l2_regularization"": 1.0, ""model__learning_rate"": 0.03, ""model__max_leaf_nodes"": 15, ""model__min_samples_leaf"": 5}"
Meta-grade primary,3,3,Ridge,0.16012127328813647,"{""model__alpha"": 100.0}"
Meta-grade primary,3,3,Elastic net,0.1640861894623086,"{""model__alpha"": 0.1, ""model__l1_ratio"": 0.1}"
Meta-grade primary,3,3,Random forest,0.17629592275776648,"{""model__max_features"": 0.5, ""model__min_samples_leaf"": 5}"
Meta-grade primary,3,3,Gradient boosting,0.18960147799040666,"{""model__l2_regularization"": 1.0, ""model__learning_rate"": 0.03, ""model__max_leaf_nodes"": 7, ""model__min_samples_leaf"": 5}"
Meta-grade primary,3,4,Ridge,0.1545188902753186,"{""model__alpha"": 100.0}"
Meta-grade primary,3,4,Elastic net,0.1652393705943288,"{""model__alpha"": 0.1, ""model__l1_ratio"": 0.1}"
Meta-grade primary,3,4,Random forest,0.15730056673041726,"{""model__max_features"": 0.5, ""model__min_samples_leaf"": 5}"
Meta-grade primary,3,4,Gradient boosting,0.176416281550456,"{""model__l2_regularization"": 1.0, ""model__learning_rate"": 0.03, ""model__max_leaf_nodes"": 7, ""model__min_samples_leaf"": 5}"
Meta-grade primary,3,5,Ridge,0.16247166230094415,"{""model__alpha"": 100.0}"
Meta-grade primary,3,5,Elastic net,0.18711650358165777,"{""model__alpha"": 0.1, ""model__l1_ratio"": 0.5}"
Meta-grade primary,3,5,Random forest,0.19698474164232507,"{""model__max_features"": 0.5, ""model__min_samples_leaf"": 5}"
Meta-grade primary,3,5,Gradient boosting,0.17948671129144528,"{""model__l2_regularization"": 1.0, ""model__learning_rate"": 0.03, ""model__max_leaf_nodes"": 7, ""model__min_samples_leaf"": 5}"
Meta-grade primary,4,1,Ridge,0.1788642254008672,"{""model__alpha"": 100.0}"
Meta-grade primary,4,1,Elastic net,0.16523823553778635,"{""model__alpha"": 0.1, ""model__l1_ratio"": 0.1}"
Meta-grade primary,4,1,Random forest,0.1650189272485662,"{""model__max_features"": 1.0, ""model__min_samples_leaf"": 5}"
Meta-grade primary,4,1,Gradient boosting,0.19316796876365677,"{""model__l2_regularization"": 1.0, ""model__learning_rate"": 0.03, ""model__max_leaf_nodes"": 7, ""model__min_samples_leaf"": 5}"
Meta-grade primary,4,2,Ridge,0.14853766142891564,"{""model__alpha"": 10.0}"
Meta-grade primary,4,2,Elastic net,0.15386789190417222,"{""model__alpha"": 0.1, ""model__l1_ratio"": 0.1}"
Meta-grade primary,4,2,Random forest,0.14840024406904756,"{""model__max_features"": 1.0, ""model__min_samples_leaf"": 2}"
Meta-grade primary,4,2,Gradient boosting,0.15762874590189066,"{""model__l2_regularization"": 1.0, ""model__learning_rate"": 0.03, ""model__max_leaf_nodes"": 7, ""model__min_samples_leaf"": 5}"
Meta-grade primary,4,3,Ridge,0.16779734143139743,"{""model__alpha"": 100.0}"
Meta-grade primary,4,3,Elastic net,0.142916146982951,"{""model__alpha"": 0.1, ""model__l1_ratio"": 0.1}"
Meta-grade primary,4,3,Random forest,0.1868070054954515,"{""model__max_features"": 0.5, ""model__min_samples_leaf"": 5}"
Meta-grade primary,4,3,Gradient boosting,0.1821030688234856,"{""model__l2_regularization"": 1.0, ""model__learning_rate"": 0.03, ""model__max_leaf_nodes"": 7, ""model__min_samples_leaf"": 5}"
Meta-grade primary,4,4,Ridge,0.19107827179789627,"{""model__alpha"": 100.0}"
Meta-grade primary,4,4,Elastic net,0.18344869812955844,"{""model__alpha"": 0.1, ""model__l1_ratio"": 0.1}"
Meta-grade primary,4,4,Random forest,0.19143915773153644,"{""model__max_features"": 0.5, ""model__min_samples_leaf"": 2}"
Meta-grade primary,4,4,Gradient boosting,0.187731423071036,"{""model__l2_regularization"": 1.0, ""model__learning_rate"": 0.03, ""model__max_leaf_nodes"": 7, ""model__min_samples_leaf"": 5}"
Meta-grade primary,4,5,Ridge,0.21139138137637725,"{""model__alpha"": 100.0}"
Meta-grade primary,4,5,Elastic net,0.1894278742923362,"{""model__alpha"": 0.5, ""model__l1_ratio"": 0.5}"
Meta-grade primary,4,5,Random forest,0.20555000013559988,"{""model__max_features"": 0.5, ""model__min_samples_leaf"": 5}"
Meta-grade primary,4,5,Gradient boosting,0.21567195642294268,"{""model__l2_regularization"": 1.0, ""model__learning_rate"": 0.03, ""model__max_leaf_nodes"": 7, ""model__min_samples_leaf"": 5}"
Meta-grade primary,5,1,Ridge,0.15973231722704173,"{""model__alpha"": 100.0}"
Meta-grade primary,5,1,Elastic net,0.19424466339194466,"{""model__alpha"": 0.5, ""model__l1_ratio"": 0.5}"
Meta-grade primary,5,1,Random forest,0.21009819357008705,"{""model__max_features"": 0.5, ""model__min_samples_leaf"": 5}"
Meta-grade primary,5,1,Gradient boosting,0.20000804308901646,"{""model__l2_regularization"": 1.0, ""model__learning_rate"": 0.03, ""model__max_leaf_nodes"": 7, ""model__min_samples_leaf"": 5}"
Meta-grade primary,5,2,Ridge,0.17661864202515806,"{""model__alpha"": 100.0}"
Meta-grade primary,5,2,Elastic net,0.19531577886191356,"{""model__alpha"": 0.1, ""model__l1_ratio"": 0.5}"
Meta-grade primary,5,2,Random forest,0.20711745629168804,"{""model__max_features"": 0.5, ""model__min_samples_leaf"": 5}"
Meta-grade primary,5,2,Gradient boosting,0.21548545463429133,"{""model__l2_regularization"": 1.0, ""model__learning_rate"": 0.03, ""model__max_leaf_nodes"": 15, ""model__min_samples_leaf"": 5}"
Meta-grade primary,5,3,Ridge,0.15074310917500708,"{""model__alpha"": 100.0}"
Meta-grade primary,5,3,Elastic net,0.14782654410278398,"{""model__alpha"": 0.1, ""model__l1_ratio"": 0.1}"
Meta-grade primary,5,3,Random forest,0.14828484244815965,"{""model__max_features"": 0.5, ""model__min_samples_leaf"": 2}"
Meta-grade primary,5,3,Gradient boosting,0.17656394943585932,"{""model__l2_regularization"": 1.0, ""model__learning_rate"": 0.03, ""model__max_leaf_nodes"": 7, ""model__min_samples_leaf"": 5}"
Meta-grade primary,5,4,Ridge,0.1756111090742522,"{""model__alpha"": 100.0}"
Meta-grade primary,5,4,Elastic net,0.15298647497493795,"{""model__alpha"": 0.1, ""model__l1_ratio"": 0.1}"
Meta-grade primary,5,4,Random forest,0.18418544742662898,"{""model__max_features"": 0.5, ""model__min_samples_leaf"": 2}"
Meta-grade primary,5,4,Gradient boosting,0.22013568733856131,"{""model__l2_regularization"": 1.0, ""model__learning_rate"": 0.08, ""model__max_leaf_nodes"": 7, ""model__min_samples_leaf"": 5}"
Meta-grade primary,5,5,Ridge,0.1724717517823634,"{""model__alpha"": 100.0}"
Meta-grade primary,5,5,Elastic net,0.19390556895918235,"{""model__alpha"": 0.1, ""model__l1_ratio"": 0.1}"
Meta-grade primary,5,5,Random forest,0.18690092906911285,"{""model__max_features"": 0.5, ""model__min_samples_leaf"": 5}"
Meta-grade primary,5,5,Gradient boosting,0.21034334279262115,"{""model__l2_regularization"": 1.0, ""model__learning_rate"": 0.03, ""model__max_leaf_nodes"": 7, ""model__min_samples_leaf"": 5}"
