Effect_ID,Group,Observed,Predicted,Prediction_SD,Repeats
R004-E01,Report-004,-0.3205454093019461,-0.24701057113990457,0.013328946138629786,5
R004-E02,Report-004,-0.2447741126593529,-0.25578963215205264,0.013757966348462875,5
R005-E01,Report-005,-0.3394653523437398,-0.2274525714135729,0.044067103832379585,5
R005-E02,Report-005,-0.3073232466191121,-0.23623956731665824,0.03535096169778771,5
R005-E03,Report-005,-0.2985662636601783,-0.24482256502461888,0.01711128536715118,5
R005-E04,Report-005,-0.2226054898207927,-0.23478378326090157,0.03725916637710008,5
R005-E05,Report-005,-0.1881906067775652,-0.23478378326090157,0.03725916637710008,5
R006-E01,Report-006,-0.3185781374429814,-0.26909536924597727,0.01605009062073405,5
R006-E02,Report-006,-0.3149780475421737,-0.26225032546555604,0.02234048283503039,5
R006-E04,Report-006,-0.2830017377730096,-0.16932623308476796,0.04536462016128162,5
R006-E05,Report-006,-0.2710215474437309,-0.16932623308476796,0.04536462016128162,5
R006-E06,Report-006,-0.2367028032650126,-0.16248118930434674,0.03712522037304856,5
R006-E07,Report-006,-0.0776151463689917,-0.16248118930434674,0.03712522037304856,5
R006-E09,Report-006,-0.2585963813858514,-0.15644798498980222,0.04349638030264323,5
R006-E10,Report-006,0.0520469455213166,-0.26848703682718733,0.0063374626020966445,5
R006-E11,Report-006,-0.2865973321469467,-0.27452024114173185,0.009833502602787307,5
R006-E12,Report-006,-0.3540925289622429,-0.25677666278966227,0.017201086077639798,5
R006-E13,Report-006,-0.120581028408444,-0.25677666278966227,0.017201086077639798,5
R010-E01,Report-010,-0.2661084068736541,-0.3028903974684559,0.012267695893675143,5
R012-E01,PSKC,-0.0500417292784912,-0.3029790657395628,0.026890287950066066,5
R012-E02,PSKC,0.1613866961315255,-0.3076283077216747,0.015171704607314793,5
R012-E03,PSKC,-0.0400213538367682,-0.3029790657395628,0.026890287950066066,5
R013-E01,Report-013,-0.2236561090218323,-0.2567552456017513,0.017459476756025456,5
R013-E02,Report-013,-0.2236561090218323,-0.23650947789587934,0.014550027494767089,5
R013-E03,Report-013,-0.3205454093019461,-0.28699476400939533,0.03395824269041784,5
R016-E01,Report-016,-0.3540925289622429,-0.40590395234572113,0.1528875658389736,5
R017-E01,Report-017,-0.2554128118829953,-0.21304237251240193,0.05395601042223148,5
R017-E02,Report-017,-0.2876820724517809,-0.2031956852664932,0.05916976610851154,5
R020-E01,Report-020,-0.0904335773173084,-0.18779666107186252,0.010266564564552213,5
R022-E01,PACE,-0.1079291954253917,-0.1442942851708103,0.0290110812289296,5
R022-E02,PACE,-0.0716712828013512,-0.1498135153235506,0.02480084131353852,5
R022-E03,PACE,0.099027503509446,-0.1589185337154746,0.02602137148530079,5
R022-E04,PACE,-0.0004516500561274,-0.16443776386821488,0.01979113144345331,5
R022-E05,PACE,0.0109578515321072,-0.16343115660967544,0.019103884254280955,5
R022-E06,PACE,-0.1014471687907363,-0.16895038676241572,0.020729484978674013,5
R022-E07,PACE,-0.0410812093992726,-0.16343115660967544,0.019103884254280955,5
R022-E08,PACE,0.0676957937234428,-0.16895038676241572,0.020729484978674013,5
R026-E01,Report-026,-0.2405339244255578,-0.292028538804023,0.037324288622969715,5
R026-E02,Report-026,0.0310099360630968,-0.32605621542797814,0.03904445320485021,5
R032-E01,Report-032,-0.1923371692195453,-0.24949805732359379,0.034775030998976886,5
R032-E02,Report-032,-0.1307398500288784,-0.24949805732359379,0.034775030998976886,5
R033-E01,Report-033,-0.2027325540540822,-0.29012763269147424,0.02893993313665058,5
R033-E02,Report-033,-0.2447741126593529,-0.28972831717616937,0.031159627268023557,5
R033-E03,Report-033,-0.120581028408444,-0.2767264141852769,0.017563224735201322,5
R033-E04,Report-033,-0.0902441878561468,-0.20187627974892636,0.07067718794355034,5
R033-E05,Report-033,0.120581028408444,-0.20147696423362152,0.06739636798799262,5
R033-E06,Report-033,0.0100003333533347,-0.18847506124272903,0.10083443588878652,5
R033-E07,Report-033,-0.2131713465648597,-0.29012763269147424,0.02893993313665058,5
R033-E08,Report-033,-0.2447741126593529,-0.28972831717616937,0.031159627268023557,5
R033-E09,Report-033,-0.1511404359364668,-0.2767264141852769,0.017563224735201322,5
R033-E10,Report-033,-0.0902441878561468,-0.20187627974892636,0.07067718794355034,5
R033-E11,Report-033,0.0902441878561468,-0.20147696423362152,0.06739636798799262,5
R033-E12,Report-033,0.0500417292784912,-0.18847506124272903,0.10083443588878652,5
R033-E25,Report-033,0.144496864125946,-0.22869792599519934,0.03784590574187988,5
R033-E26,Report-033,0.1749689925367881,-0.14388833456669928,0.037916303758330716,5
R034-E01,Report-034,-0.1819826886007058,-0.33549074037510873,0.07528981341259505,5
R034-E02,Report-034,-0.2661084068736541,-0.33549074037510873,0.07528981341259505,5
R034-E03,Report-034,-0.2661084068736541,-0.33549074037510873,0.07528981341259505,5
R034-E04,Report-034,-0.2661084068736541,-0.33549074037510873,0.07528981341259505,5
R034-E05,Report-034,-0.1613866961315255,-0.33549074037510873,0.07528981341259505,5
R034-E06,Report-034,-0.2554128118829953,-0.33549074037510873,0.07528981341259505,5
R034-E07,Report-034,-0.2447741126593529,-0.33549074037510873,0.07528981341259505,5
R036-E01,Report-036,-0.4236489301936018,-0.321066061425125,0.18377445385348193,5
R036-E02,Report-036,-0.2907692890372516,-0.29932113576503944,0.16908394207323948,5
R040-E01,Report-040,-0.3205454093019461,-0.27569240990658944,0.025947215232180843,5
R040-E02,Report-040,-0.2985662636601783,-0.27569240990658944,0.025947215232180843,5
R044-E01,PSKC,-0.0902441878561468,-0.39511824938076356,0.09407932850996108,5
R047-E01,Report-047,-0.1793019968128792,-0.18573461491546622,0.009572224897758455,5
R054-E01,ABCD,0.0193634892783448,-0.12164870232213079,0.018766568519317635,5
R054-E02,ABCD,0.2397551747487654,-0.12164870232213079,0.018766568519317635,5
R054-E03,ABCD,0.07289783189626,-0.1263558162236161,0.019158188724140157,5
R054-E04,ABCD,0.07289783189626,-0.1263558162236161,0.019158188724140157,5
R060-E01,Report-060,-0.0347701371385076,-0.260111807979641,0.02472092608375546,5
R060-E02,Report-060,0.0225633372390231,-0.2693289239236423,0.030082831555661316,5
R072-E01,Report-072,-0.0801713250375896,-0.22030079294884505,0.011281704804036738,5
R072-E02,Report-072,-0.0400213538367682,-0.22030079294884505,0.011281704804036738,5
R072-E03,Report-072,-0.0701146706543252,-0.22030079294884505,0.011281704804036738,5
R072-E04,Report-072,-0.0701146706543252,-0.22274606271393385,0.014355391685277762,5
R072-E05,Report-072,-0.0902441878561468,-0.22274606271393385,0.014355391685277762,5
R072-E06,Report-072,-0.0902441878561468,-0.22274606271393385,0.014355391685277762,5
R072-E07,Report-072,-0.1104469157900972,-0.22918823874462366,0.015332521120881867,5
R072-E08,Report-072,-0.0600721559210316,-0.22126881051222552,0.009814015531852873,5
R072-E09,Report-072,0.0200026673068496,-0.22126881051222552,0.009814015531852873,5
R072-E10,Report-072,-0.0400213538367682,-0.22126881051222552,0.009814015531852873,5
R072-E11,Report-072,-0.0400213538367682,-0.22371408027731432,0.014928413195345632,5
R072-E12,Report-072,0.0300090048631264,-0.22371408027731432,0.014928413195345632,5
R072-E13,Report-072,0.0,-0.22371408027731432,0.014928413195345632,5
R072-E14,Report-072,-0.0200026673068496,-0.2301562563080041,0.013524995411246455,5
R072-E15,Report-072,-0.1307398500288783,-0.22126881051222552,0.009814015531852873,5
R072-E16,Report-072,-0.1003353477310756,-0.22126881051222552,0.009814015531852873,5
R072-E17,Report-072,-0.1409255760704939,-0.22126881051222552,0.009814015531852873,5
R072-E18,Report-072,-0.1307398500288783,-0.22371408027731432,0.014928413195345632,5
R072-E19,Report-072,-0.1104469157900972,-0.22371408027731432,0.014928413195345632,5
R072-E20,Report-072,-0.1307398500288783,-0.22371408027731432,0.014928413195345632,5
R072-E21,Report-072,-0.171666663500579,-0.2301562563080041,0.013524995411246455,5
R072-E22,Report-072,-0.0801713250375896,-0.21460995777086533,0.0063995198348554255,5
R072-E23,Report-072,0.0,-0.21460995777086533,0.0063995198348554255,5
R072-E24,Report-072,-0.0500417292784913,-0.21460995777086533,0.0063995198348554255,5
R072-E25,Report-072,-0.0600721559210316,-0.21705522753595413,0.013916365192371577,5
R072-E26,Report-072,-0.0300090048631265,-0.21705522753595413,0.013916365192371577,5
R072-E27,Report-072,-0.0400213538367682,-0.21705522753595413,0.013916365192371577,5
R072-E28,Report-072,-0.0600721559210316,-0.22349740356664388,0.01120869816930079,5
R077-E01,Report-077,-0.4000596500560565,-0.25410659161015586,0.006147466295285522,5
R079-E01,Report-079,-0.7752987062055835,-0.2000256388602928,0.030861812773066932,5
R080-E01,Report-080,-0.2528572088918466,-0.23736337514941125,0.011955239276947591,5
R087-E01,Report-087,-0.3654437542713961,-0.3115905486146554,0.020727293650275626,5
R087-E02,Report-087,-0.7250050877529992,-0.30396776881235843,0.01887191115647068,5
R087-E03,Report-087,-0.3654437542713961,-0.3105974572693538,0.021454846258100013,5
R087-E04,Report-087,-0.7752987062055836,-0.2817957938014563,0.025356431783112376,5
R087-E05,Report-087,-0.2447741126593529,-0.27456730875154994,0.027226083065225688,5
R087-E06,Report-087,-0.0400213538367682,-0.27456730875154994,0.027226083065225688,5
R087-E07,Report-087,-0.4598966812126785,-0.26694452894925297,0.025272005742200735,5
R087-E08,Report-087,0.5229842775913438,-0.26694452894925297,0.025272005742200735,5
R087-E09,Report-087,0.0400213538367682,-0.2735742174062483,0.02767016089876741,5
R087-E10,Report-087,0.0400213538367682,-0.30710079996981443,0.020429560038686834,5
R087-E11,Report-087,-0.1307398500288784,-0.29947802016751746,0.018558824101126564,5
R087-E12,Report-087,0.1307398500288784,-0.30610770862451286,0.02112928891493442,5
R087-E13,Report-087,-0.1003353477310756,-0.27730604515661533,0.02509337373948247,5
R087-E14,Report-087,0.6183813135744636,-0.27007756010670897,0.026963313136285107,5
R087-E15,Report-087,0.0902441878561468,-0.27007756010670897,0.026963313136285107,5
R087-E16,Report-087,-0.3884230997182961,-0.26245478030441205,0.024999392601699394,5
R087-E17,Report-087,-0.0902441878561468,-0.26245478030441205,0.024999392601699394,5
R087-E18,Report-087,0.2554128118829953,-0.26908446876140735,0.027382269101682954,5
R087-E19,Report-087,-0.6324131492978439,-0.2921744388168932,0.019486359608590992,5
R087-E20,Report-087,-0.6677819260385488,-0.2845516590145962,0.017565843915353378,5
R087-E21,Report-087,-0.3474427905134932,-0.2911813474715915,0.020085972498472496,5
R087-E22,Report-087,-0.5093955920515006,-0.2623796840036941,0.024262030875652558,5
R087-E23,Report-087,0.2881966620000231,-0.2551511989537877,0.026129876515601485,5
R087-E24,Report-087,0.071791446935783,-0.2551511989537877,0.026129876515601485,5
R087-E25,Report-087,0.0,-0.24752841915149074,0.024134984046195386,5
R087-E26,Report-087,0.0287372972020485,-0.24752841915149074,0.024134984046195386,5
R087-E27,Report-087,-0.0526679439176218,-0.2541581076084861,0.02646104696208762,5
R089-E01,Report-089,-0.3095196042031117,-0.23475941770569228,0.09042306339573351,5
R107-E01,Report-107,-0.3202138706966537,-0.2742847984707882,0.014649139652530464,5
R107-E02,Report-107,-0.1479107917177318,-0.2936705547093095,0.01546434588869445,5
R107-E03,Report-107,-0.1479107917177318,-0.2936705547093095,0.01546434588869445,5
R125-E01,Report-125,-0.2768638226551,-0.1751842880639482,0.043566717393903547,5
R125-E02,Report-125,-0.4000596500560566,-0.17951007970780336,0.04111366332633061,5
R139-E01,Report-139,-0.4641361793172199,-0.25039992809098444,0.01958444765927317,5
R144-E01,Report-144,-0.2768638226551,-0.27955253935868923,0.02748412165125373,5
R146-E01,ABCD,0.042331853503913,-0.11556323788012512,0.022968089540697966,5
R146-E02,ABCD,0.0428847693265876,-0.1249863649901991,0.022195636546964274,5
R146-E03,ABCD,0.0435557950576516,-0.13047526195937081,0.021808461966819598,5
R146-E04,ABCD,0.044667269272793,-0.11097148903560275,0.024285460613600644,5
R146-E05,ABCD,0.06973403309124,-0.12039461614567673,0.023124321206039713,5
R146-E06,ABCD,0.0788945153409791,-0.1258835131148484,0.022492767542957502,5
R146-E07,ABCD,0.0609555888092744,-0.12527592585312305,0.02256214476998797,5
R146-E08,ABCD,0.0663784704358779,-0.11919691400195849,0.023956845729097617,5
R146-E09,ABCD,0.0677611969331547,-0.1287137431987539,0.022921673258946965,5
R146-E10,ABCD,0.0803465762235214,-0.13425237811663157,0.022371810105949234,5
R146-E11,ABCD,0.0492903581043352,-0.13397721342794236,0.02239917749558533,5
R146-E12,ABCD,0.0548953988142855,-0.11919691400195849,0.023956845729097617,5
R146-E13,ABCD,0.0640763352129479,-0.1287137431987539,0.022921673258946965,5
R146-E14,ABCD,0.0911381831856409,-0.13425237811663157,0.022371810105949234,5
R146-E15,ABCD,0.0779265404379476,-0.13397721342794236,0.02239917749558533,5
R148-E01,Report-148,-0.4236489301936018,-0.24048651329476053,0.02458900174283097,5
R148-E02,Report-148,-0.4476920235274206,-0.22565035218171708,0.0317546754935507,5
R150-E01,Report-150,-0.2768638226551,-0.3319344340529044,0.12739476691714857,5
R151-E01,All Our Families,-0.0805913395179724,-0.13838213294039886,0.021573905552153546,5
R151-E02,All Our Families,-0.1187477867055022,-0.10561724370565242,0.01089337509901437,5
R151-E03,All Our Families,-0.1441492679971068,-0.10561724370565242,0.01089337509901437,5
R151-E04,All Our Families,-0.0361119842872121,-0.10561724370565242,0.01089337509901437,5
R151-E05,All Our Families,-0.0886707286544282,-0.10561724370565242,0.01089337509901437,5
