Category_variable,Category,Independent_groups,MAE,MAE_CI_low,MAE_CI_high
EF_Domain,Hot EF or self-regulation,3,0.04893420913888691,0.03771304695709844,0.05707455741401951
EF_Domain,Working memory or updating,12,0.11892267567145504,0.07097211542233474,0.17074279141376217
EF_Domain,Inhibitory control,12,0.12783678336587756,0.07647683450035579,0.17706551402308618
EF_Domain,Cognitive flexibility or shifting,8,0.14432465203394174,0.09137026821022722,0.19713184368926692
EF_Domain,Global executive function,15,0.16760496893040008,0.10653488947713882,0.241941669651849
Screen_Category,Total or mixed screen exposure,16,0.10341140363465304,0.06344121998880718,0.14857279373282575
Screen_Category,Passive or background viewing,12,0.11038300687170699,0.07837569479134696,0.14374191042161663
Screen_Category,Social media or multitasking,5,0.15155555543396876,0.07324532053900155,0.23614613684679478
Screen_Category,Interactive or gaming,9,0.21606400634512105,0.12247119332505278,0.32310917374042036
