file,category,format
01A_Main_inhibitory_control.svg,Main analysis,SVG
01B_Main_working_memory.svg,Main analysis,SVG
01C_Main_cognitive_flexibility.svg,Main analysis,SVG
02_Subgroup_age_stage.svg,Subgroup analysis,SVG
03_Subgroup_region.svg,Subgroup analysis,SVG
04_Subgroup_screen_type.svg,Subgroup analysis,SVG
05_Subgroup_screen_feature.svg,Subgroup analysis,SVG
06_Subgroup_study_design.svg,Subgroup analysis,SVG
07_Subgroup_adjustment_status.svg,Subgroup analysis,SVG
08_Subgroup_measurement_mode.svg,Subgroup analysis,SVG
09_Meta_regression_age_year_sample_size.png,Meta-regression,PNG
10_Sensitivity_leave_one_report.png,Sensitivity analysis,PNG
12_Sensitivity_analysis_set_comparison.svg,Sensitivity analysis,SVG
13_Publication_bias_three_domains.png,Publication-bias analysis,PNG
14_World_map_study_distribution.svg,Geographic distribution,SVG
