"EF_dimension","moderator","moderator_label","effects","reports","beta","se","ci_lb","ci_ub","p","inference"
"Inhibitory control","Age_Mean_years","Baseline mean age (years)",58,18,-0.00290300109902406,0.00641513328067799,-0.016502476135944,0.0106964739378958,0.656966991450482,"Cluster-robust CR1"
"Inhibitory control","Year","Publication year",58,18,-0.00483360010144087,0.0125427408309023,-0.0314230228556295,0.0217558226527477,0.705038208390536,"Cluster-robust CR1"
"Inhibitory control","log_N","Log sample size",58,18,0.0518394660815411,0.011451896152949,0.0275625307407731,0.0761164014223092,0.00034401358999118,"Cluster-robust CR1"
"Working memory","Age_Mean_years","Baseline mean age (years)",73,15,-0.00364078866920839,0.00765993979606109,-0.0201890825150108,0.012907505176594,0.642458127513507,"Cluster-robust CR1"
"Working memory","Year","Publication year",73,15,0.0103160873857169,0.00941036806432124,-0.0100137768262211,0.030645951597655,0.292863625241714,"Cluster-robust CR1"
"Working memory","log_N","Log sample size",73,15,0.016679940731367,0.0324268146164897,-0.0533739331950269,0.0867338146577609,0.615613803514899,"Cluster-robust CR1"
"Cognitive flexibility","Age_Mean_years","Baseline mean age (years)",37,11,0.00244098024760328,0.0062827231231871,-0.0117715268673923,0.0166534873625989,0.706660381028308,"Cluster-robust CR1"
"Cognitive flexibility","Year","Publication year",37,11,-0.00131469879036541,0.00683991357460405,-0.0167876582760766,0.0141582606953458,0.851844793326485,"Cluster-robust CR1"
"Cognitive flexibility","log_N","Log sample size",37,11,0.0355659218882985,0.0114429892803562,0.00968008172391775,0.0614517620526793,0.0125573412121296,"Cluster-robust CR1"
