EF_dimension,Report_ID,yi,vi_fe,vi_typical,vi,effects_collapsed
Cognitive flexibility,R005,-0.307323246619112,0.0106382978723404,0.0106382978723404,0.0106382978723404,1
Cognitive flexibility,R020,-0.0904335773173085,0.00315201313711475,0.00315201313711475,0.00315201313711475,1
Cognitive flexibility,R033,-0.05291985042827122,4.8076923076923004e-4,0.00192307692307692,0.00192307692307692,4
Cognitive flexibility,R072,-0.07876533024077127,1.8796992481203e-4,0.00131578947368421,0.00131578947368421,7
Cognitive flexibility,R082,0.0035324537496287957,0.006454364537321682,0.01290873089485495,0.01290873089485495,2
Cognitive flexibility,R087,-0.0914955257146674,0.014285714285714284,0.10219994430520746,0.10219994430520746,6
Cognitive flexibility,R091,-0.05879779745953399,8.291873963515753e-4,0.010377835243214003,0.010377835243214003,8
Cognitive flexibility,R093,-0.14379685971434494,0.0038461538461538477,0.011602303523035234,0.011602303523035234,3
Cognitive flexibility,R139,-0.46413617931722,0.0476190476190476,0.0476190476190476,0.0476190476190476,1
Cognitive flexibility,R144,-0.2768638226551,0.0102040816326531,0.0102040816326531,0.0102040816326531,1
Cognitive flexibility,R146,0.0427192539353543,8.580008580008566e-5,3.06533283539065e-4,3.06533283539065e-4,3
Inhibitory control,R004,-0.320545409301946,0.007692307692307691,0.00769230769230769,0.007692307692307691,1
Inhibitory control,R005,-0.33946535234374,0.0106382978723404,0.0106382978723404,0.0106382978723404,1
Inhibitory control,R006,-0.1671408185805277,0.006410256410256413,0.02580040335287075,0.02580040335287075,4
Inhibitory control,R013,-0.23289494205587713,0.0024449877750611264,0.012150612150612139,0.012150612150612139,3
Inhibitory control,R017,-0.287682072451781,0.0034129692832764497,0.00341296928327645,0.00341296928327645,1
Inhibitory control,R022,-0.009756262445777802,0.002777777777777775,0.0111111111111111,0.0111111111111111,4
Inhibitory control,R033,-0.04902896659106489,4.374337426666773e-4,0.0045186038409518545,0.0045186038409518545,6
Inhibitory control,R036,-0.290769289037252,0.0175438596491228,0.0175438596491228,0.0175438596491228,1
Inhibitory control,R043,-0.412870184466042,0.0384615384615385,0.0384615384615385,0.0384615384615385,1
Inhibitory control,R046,-0.0890956661699547,0.00760391681053243,0.00760391681053243,0.00760391681053243,1
Inhibitory control,R054,0.12955933201355496,2.77161862527716e-4,5.54323725055432e-4,5.54323725055432e-4,2
Inhibitory control,R072,-0.04576967497971987,1.8796992481203e-4,0.00131578947368421,0.00131578947368421,7
Inhibitory control,R080,-0.252857208891847,0.0156511009901265,0.0156511009901265,0.0156511009901265,1
Inhibitory control,R082,0.022878751635183478,0.006417666892597346,0.0128354733172161,0.0128354733172161,2
Inhibitory control,R087,-0.21199937738994035,0.009523809523809521,0.10219994430520746,0.10219994430520746,9
Inhibitory control,R091,-0.046746317967388665,8.375209380234509e-4,0.010464486671081772,0.010464486671081772,8
Inhibitory control,R093,-0.2421368181315284,0.0053475935828877115,0.01070283882783885,0.01070283882783885,2
Inhibitory control,R146,0.058635198549609274,7.155635062611799e-5,3.37658583343954e-4,3.37658583343954e-4,4
Working memory,R004,-0.244774112659353,0.007692307692307691,0.00769230769230769,0.007692307692307691,1
Working memory,R005,-0.205398048299179,0.0053191489361702,0.0106382978723404,0.0106382978723404,2
Working memory,R006,-0.2282954029211795,0.005882352941176475,0.02353942144072605,0.02353942144072605,4
Working memory,R017,-0.255412811882995,0.0034129692832764497,0.00341296928327645,0.00341296928327645,1
Working memory,R022,-0.026468576981192926,0.002717391304347825,0.0108695652173913,0.0108695652173913,4
Working memory,R033,-0.1490980690828089,4.8076923076923004e-4,0.00192307692307692,0.00192307692307692,4
Working memory,R047,-0.2064977765977944,0.004316590702364185,0.015148146330114121,0.015148146330114121,2
Working memory,R054,0.072897831896260007,2.409638554216865e-4,4.81927710843373e-4,4.81927710843373e-4,2
Working memory,R072,-0.07326427942216582,9.3984962406015e-5,0.00131578947368421,0.00131578947368421,14
Working memory,R087,-0.028475510617570688,0.009523809523809521,0.10219994430520746,0.10219994430520746,9
Working memory,R091,-0.04400031994243985,4.2087542087542097e-4,0.010528272228108477,0.010528272228108477,16
Working memory,R093,-0.35627130842222254,0.005617977528089894,0.0113058943089431,0.0113058943089431,2
Working memory,R125,-0.3328619260191714,0.008264462809917373,0.016666666666666698,0.016666666666666698,2
Working memory,R146,0.0663359051222778,4.000640102416382e-5,3.801617036474907e-4,3.801617036474907e-4,8
Working memory,R148,-0.43567047686051147,0.0135135135135135,0.027027027027027,0.027027027027027,2
