"EF_dimension","exclusion_level","excluded_id","excluded_label","excluded_effects","estimate_z","ci_lb_z","ci_ub_z","pooled_r","ci_lb_r","ci_ub_r","full_r","full_ci_lb_r","full_ci_ub_r"
"Inhibitory control","Report_ID","R004","Merin, 2026",1,-0.103634155442514,-0.163419167663701,-0.0438491432213282,-0.103264730820002,-0.161979793714917,-0.0438210612108345,-0.112045479644566,-0.171821195073785,-0.0514477253008272
"Inhibitory control","Report_ID","R005","Rogobete, 2025",1,-0.103747584932139,-0.163433469136771,-0.0440617007275055,-0.103376949427467,-0.161993719921491,-0.0440332085666943,-0.112045479644566,-0.171821195073785,-0.0514477253008272
"Inhibitory control","Report_ID","R006","Portugal, 2023",4,-0.110265021206793,-0.174244636215932,-0.0462854061976533,-0.10982030274768,-0.172502367084561,-0.0462523814898051,-0.112045479644566,-0.171821195073785,-0.0514477253008272
"Inhibitory control","Report_ID","R013","Meng, 2024",3,-0.100475543929294,-0.16048590967586,-0.040465178182728,-0.100138792289512,-0.159122147393796,-0.0404431063314568,-0.112045479644566,-0.171821195073785,-0.0514477253008272
"Inhibitory control","Report_ID","R017","Rogobete, 2021",1,-0.103762238356834,-0.163926820125262,-0.043597656588406,-0.103391446232075,-0.162474085980749,-0.0435700547431205,-0.112045479644566,-0.171821195073785,-0.0514477253008272
"Inhibitory control","Report_ID","R022","Zhang, 2022",4,-0.120581677493063,-0.186003766095569,-0.0551595888905566,-0.120000639737751,-0.183887959547568,-0.0551037143987656,-0.112045479644566,-0.171821195073785,-0.0514477253008272
"Inhibitory control","Report_ID","R033","Baumgartner, 2014",6,-0.130627369945801,-0.198228393313047,-0.0630263465785539,-0.129889419213835,-0.195672136276919,-0.0629430253541812,-0.112045479644566,-0.171821195073785,-0.0514477253008272
"Inhibitory control","Report_ID","R036","Barr, 2010",1,-0.107314895991105,-0.168480475820042,-0.0461493161621684,-0.106904821403666,-0.166904226787845,-0.0461165817354399,-0.112045479644566,-0.171821195073785,-0.0514477253008272
"Inhibitory control","Report_ID","R043","Telzer, 2026",1,-0.106623125791191,-0.167005328079535,-0.0462409235028481,-0.106220906728074,-0.165469820146303,-0.0462079938647683,-0.112045479644566,-0.171821195073785,-0.0514477253008272
"Inhibitory control","Report_ID","R046","McNeill, 2019",1,-0.114402924663812,-0.178289836238263,-0.0505160130893623,-0.113906420865944,-0.176424435581927,-0.0504730868469994,-0.112045479644566,-0.171821195073785,-0.0514477253008272
"Inhibitory control","Report_ID","R054","Chaarani, 2022",2,-0.12369558553142,-0.194147900804062,-0.0532432702587788,-0.123068550717108,-0.191744762001261,-0.053193015090087,-0.112045479644566,-0.171821195073785,-0.0514477253008272
"Inhibitory control","Report_ID","R072","Lakicevic N, 2025",7,-0.11704561811661,-0.18433720750467,-0.0497540287285504,-0.116514035222304,-0.182277263148634,-0.0497130145810589,-0.112045479644566,-0.171821195073785,-0.0514477253008272
"Inhibitory control","Report_ID","R080","Cui, 2024",1,-0.108412247934019,-0.170114842045741,-0.046709653822298,-0.107989504423399,-0.16849262973638,-0.0466757131965975,-0.112045479644566,-0.171821195073785,-0.0514477253008272
"Inhibitory control","Report_ID","R082","Ozcetin, 2019",2,-0.120733848041964,-0.185130470413214,-0.0563372256707136,-0.12015061626757,-0.183044058861778,-0.0562776986547473,-0.112045479644566,-0.171821195073785,-0.0514477253008272
"Inhibitory control","Report_ID","R087","Luo, 2021",9,-0.107810225662387,-0.170347466001287,-0.0452729853234868,-0.107394464161876,-0.168718640689527,-0.0452420795060934,-0.112045479644566,-0.171821195073785,-0.0514477253008272
"Inhibitory control","Report_ID","R091","Shatskaya A, 2023",8,-0.131369196610406,-0.204779554775869,-0.057958838444943,-0.130618659926924,-0.201964313758949,-0.0578940265665669,-0.112045479644566,-0.171821195073785,-0.0514477253008272
"Inhibitory control","Report_ID","R093","Luo, 2022",2,-0.109699990584894,-0.171943892040694,-0.0474560891290952,-0.109262052095905,-0.170269203941136,-0.0474204962160017,-0.112045479644566,-0.171821195073785,-0.0514477253008272
"Inhibitory control","Report_ID","R146","Chaarani B, 2026",4,-0.118471533824895,-0.189937570716961,-0.0470054969328301,-0.117920358784206,-0.18768597642657,-0.0469709076918998,-0.112045479644566,-0.171821195073785,-0.0514477253008272
"Working memory","Report_ID","R004","Merin, 2026",1,-0.130702319628087,-0.218437168301509,-0.0429674709546645,-0.129963103682983,-0.215027992457104,-0.0429410482345639,-0.13510085883212,-0.217615638265908,-0.0506686106973668
"Working memory","Report_ID","R005","Rogobete, 2025",2,-0.132553646316723,-0.222026696600284,-0.0430805960331607,-0.131782720821601,-0.218448896487161,-0.0430539641689297,-0.13510085883212,-0.217615638265908,-0.0506686106973668
"Working memory","Report_ID","R006","Portugal, 2023",4,-0.131102848442551,-0.219605722103965,-0.0425999747811375,-0.130356846885277,-0.216142235308573,-0.0425742239273678,-0.13510085883212,-0.217615638265908,-0.0506686106973668
"Working memory","Report_ID","R017","Rogobete, 2021",1,-0.12843079342968,-0.215551155232139,-0.0413104316272216,-0.127729288876877,-0.212273718499512,-0.0412869481940855,-0.13510085883212,-0.217615638265908,-0.0506686106973668
"Working memory","Report_ID","R022","Zhang, 2022",4,-0.143821858432574,-0.237035924672436,-0.0506077921927109,-0.142838356395896,-0.232694109219535,-0.0505646317157725,-0.13510085883212,-0.217615638265908,-0.0506686106973668
"Working memory","Report_ID","R033","Baumgartner, 2014",4,-0.136401447669696,-0.229353444224227,-0.043449451115165,-0.13556176371492,-0.225414738684034,-0.0434221296615741,-0.13510085883212,-0.217615638265908,-0.0506686106973668
"Working memory","Report_ID","R047","Zhang Z, 2021",2,-0.132139457838611,-0.221580522138471,-0.0426983935387511,-0.131375703231611,-0.218023972047515,-0.0426724638826783,-0.13510085883212,-0.217615638265908,-0.0506686106973668
"Working memory","Report_ID","R054","Chaarani, 2022",2,-0.161429730109473,-0.243324833169329,-0.0795346270496173,-0.160041932019366,-0.23863372473765,-0.0793673447398137,-0.13510085883212,-0.217615638265908,-0.0506686106973668
"Working memory","Report_ID","R072","Lakicevic N, 2025",14,-0.14294375442316,-0.237791580840094,-0.0480959280062253,-0.141978060480341,-0.233408723422438,-0.0480588768287069,-0.13510085883212,-0.217615638265908,-0.0506686106973668
"Working memory","Report_ID","R087","Luo, 2021",9,-0.141740713221945,-0.23330063911269,-0.0501807873312007,-0.140799069097176,-0.229158019431168,-0.0501387094422503,-0.13510085883212,-0.217615638265908,-0.0506686106973668
"Working memory","Report_ID","R091","Shatskaya A, 2023",16,-0.173622579407749,-0.254982427023794,-0.0922627317917029,-0.171898756168897,-0.2495964708012,-0.092001827340971,-0.13510085883212,-0.217615638265908,-0.0506686106973668
"Working memory","Report_ID","R093","Luo, 2022",2,-0.121464072975011,-0.202135215362377,-0.0407929305876445,-0.120870236283723,-0.199426486407803,-0.0407703183008225,-0.13510085883212,-0.217615638265908,-0.0506686106973668
"Working memory","Report_ID","R125","Cain MS, 2016",2,-0.125192214743691,-0.208730244824768,-0.0416541846626132,-0.124542239644519,-0.205750815860301,-0.0416301103800459,-0.13510085883212,-0.217615638265908,-0.0506686106973668
"Working memory","Report_ID","R146","Chaarani B, 2026",8,-0.16069925236375,-0.242327476549686,-0.0790710281778136,-0.15933008121317,-0.237692940044937,-0.0789066492405168,-0.13510085883212,-0.217615638265908,-0.0506686106973668
"Working memory","Report_ID","R148","Rai J, 2023",2,-0.122352127225601,-0.202638858514041,-0.0420653959371601,-0.121745222254063,-0.199910050596253,-0.0420406019480285,-0.13510085883212,-0.217615638265908,-0.0506686106973668
"Cognitive flexibility","Report_ID","R005","Rogobete, 2025",1,-0.0630774530802359,-0.114665989386989,-0.0114889167734833,-0.0629939292170841,-0.114166064624281,-0.0114884113061822,-0.0752567959246977,-0.13087460674354,-0.0191667677730275
"Cognitive flexibility","Report_ID","R020","Stucke, 2022",1,-0.0766199625120551,-0.139004752196723,-0.0142351728273876,-0.0764703782360362,-0.138116320040366,-0.0142342113661558,-0.0752567959246977,-0.13087460674354,-0.0191667677730275
"Cognitive flexibility","Report_ID","R033","Baumgartner, 2014",4,-0.0956178110921433,-0.173443430120844,-0.0177921920634429,-0.0953274691064652,-0.171724895244662,-0.0177903148565918,-0.0752567959246977,-0.13087460674354,-0.0191667677730275
"Cognitive flexibility","Report_ID","R072","Lakicevic N, 2025",7,-0.0687283591101933,-0.126583248515521,-0.0108734697048656,-0.0686203483823791,-0.125911459322087,-0.0108730411931964,-0.0752567959246977,-0.13087460674354,-0.0191667677730275
"Cognitive flexibility","Report_ID","R082","Ozcetin, 2019",2,-0.085255146775357,-0.149722694976587,-0.0207875985741273,-0.0850491882457171,-0.148613864363233,-0.0207846048164176,-0.0752567959246977,-0.13087460674354,-0.0191667677730275
"Cognitive flexibility","Report_ID","R087","Luo, 2021",6,-0.0766131316178883,-0.137296749000219,-0.0159295142355579,-0.07646358728347,-0.13644050521381,-0.0159281670039486,-0.0752567959246977,-0.13087460674354,-0.0191667677730275
"Cognitive flexibility","Report_ID","R091","Shatskaya A, 2023",8,-0.0946707197102753,-0.172824455905449,-0.0165169835151016,-0.0943888997960827,-0.171124110449374,-0.0165154816754657,-0.0752567959246977,-0.13087460674354,-0.0191667677730275
"Cognitive flexibility","Report_ID","R093","Luo, 2022",3,-0.0758442484081392,-0.141805238064988,-0.00988325875129033,-0.075699154696393,-0.140862314200677,-0.00988293696889953,-0.0752567959246977,-0.13087460674354,-0.0191667677730275
"Cognitive flexibility","Report_ID","R139","Li H, 2021",1,-0.0688324641256716,-0.123340282705095,-0.0143246455462476,-0.0687239624525709,-0.122718613973734,-0.0143236658425346,-0.0752567959246977,-0.13087460674354,-0.0191667677730275
"Cognitive flexibility","Report_ID","R144","Mortimer A, 2024",1,-0.064408576545325,-0.116975289955145,-0.0118418631355053,-0.0643196585222988,-0.116444661233878,-0.0118413096394914,-0.0752567959246977,-0.13087460674354,-0.0191667677730275
"Cognitive flexibility","Report_ID","R146","Chaarani B, 2026",3,-0.0838073434274101,-0.111141192397402,-0.056473494457418,-0.0836116813847108,-0.110685823373539,-0.0564135348112084,-0.0752567959246977,-0.13087460674354,-0.0191667677730275
