"EF_dimension","moderator","moderator_label","level","effects","reports","cohorts","estimate_z","ci_lb_z","ci_ub_z","pooled_r","ci_lb_r","ci_ub_r","p","inference","interaction_F","interaction_df1","interaction_df2","interaction_p"
"Inhibitory control","Age_stage","Developmental stage","Mixed / not reported",35,12,11,-0.134307610100851,-0.227468687932374,-0.0411465322693279,-0.133505824019596,-0.223624992002313,-0.0411233271152759,0.0088695620835547,"Cluster-robust CR1",1.09304437010361,3,14,0.384503396507921
"Inhibitory control","Age_stage","Developmental stage","Adolescence",14,4,4,-0.182840085765753,-0.371370876981343,0.00569070544983749,-0.180829489277323,-0.355190222319658,0.005690644021121,0.0538657965120553,"Cluster-robust CR1",1.09304437010361,3,14,0.384503396507921
"Inhibitory control","Age_stage","Developmental stage","Early childhood",3,2,2,-0.0601459577032876,-0.168781078287193,0.0484891628806176,-0.0600735357700821,-0.167196440696074,0.0484511960315155,0.277861299703409,"Model-based",1.09304437010361,3,14,0.384503396507921
"Inhibitory control","Age_stage","Developmental stage","Middle childhood",6,1,3,-0.0611275571818476,-0.155133936838612,0.0328788224749163,-0.0610515348383804,-0.153901289422126,0.0328669800739707,0.202498782475377,"Model-based",1.09304437010361,3,14,0.384503396507921
"Inhibitory control","Region","Geographic region","Europe",28,7,10,-0.120619469163324,-0.228144196890018,-0.0130947414366298,-0.120037887033222,-0.224266622992615,-0.0130939930263556,0.0335171272732473,"Cluster-robust CR1",1.80254326516844,3,14,0.192937684595944
"Inhibitory control","Region","Geographic region","Asia",17,5,5,-0.189342569270909,-0.316354342204345,-0.0623307963374718,-0.187111870472147,-0.306206788402422,-0.0622502005408756,0.0143884359545165,"Cluster-robust CR1",1.80254326516844,3,14,0.192937684595944
"Inhibitory control","Region","Geographic region","North America",12,5,4,-0.09563694715092,-0.345123409779191,0.153849515477351,-0.0953464312350376,-0.332043661484386,0.152647043118015,0.347171090354864,"Cluster-robust CR1",1.80254326516844,3,14,0.192937684595944
"Inhibitory control","Region","Geographic region","Oceania",1,1,1,-0.0890956661699547,-0.26000852940541,0.0818171970655004,-0.0888606640707507,-0.254303510450108,0.0816351216743928,0.306906752639173,"Single effect",1.80254326516844,3,14,0.192937684595944
"Inhibitory control","Screen_type","Screen exposure type","Total / mixed exposure",12,7,10,-0.146155624858621,-0.249232460025437,-0.0430787896918055,-0.145123741476192,-0.244197027915916,-0.0430521611757478,0.0133111585613143,"Cluster-robust CR1",2.63151103003168,3,14,0.0908772212390341
"Inhibitory control","Screen_type","Screen exposure type","Social media / multitasking",19,5,5,-0.153088643828056,-0.357158988321218,0.0509817006651061,-0.151903814451427,-0.342709143622769,0.0509375771172342,0.105684980437521,"Cluster-robust CR1",2.63151103003168,3,14,0.0908772212390341
"Inhibitory control","Screen_type","Screen exposure type","Interactive / gaming / apps",19,9,11,0.00174954103393668,-0.0541492385011751,0.0576483205690485,0.00174953924888575,-0.0540963761170022,0.05758454390546,0.944235087346253,"Cluster-robust CR1",2.63151103003168,3,14,0.0908772212390341
"Inhibitory control","Screen_type","Screen exposure type","Passive / background viewing",8,5,5,-0.149214850527367,-0.296153757613675,-0.00227594344105958,-0.148117198765483,-0.287788843017206,-0.00227593951133384,0.0478548812540441,"Cluster-robust CR1",2.63151103003168,3,14,0.0908772212390341
"Inhibitory control","Screen_feature","Screen exposure feature","Mixed / unspecified",11,6,9,-0.13893097847861,-0.251147435792586,-0.0267145211646348,-0.138043952901152,-0.245996965579698,-0.0267081678996472,0.0244684722478705,"Cluster-robust CR1",1.68880177374426,2,15,0.218030803189213
"Inhibitory control","Screen_feature","Screen exposure feature","Interactive / entertainment",38,14,16,-0.0649505325674582,-0.136365982178348,0.00646491704343115,-0.0648593535965972,-0.135526949805252,0.00646482697753923,0.0711775324085744,"Cluster-robust CR1",1.68880177374426,2,15,0.218030803189213
"Inhibitory control","Screen_feature","Screen exposure feature","Passive",9,5,5,-0.155312971464873,-0.30233212986636,-0.00829381306338717,-0.154076078686659,-0.293445377869791,-0.0082936228988533,0.0426827781061858,"Cluster-robust CR1",1.68880177374426,2,15,0.218030803189213
"Inhibitory control","Design_group","Study design","Cross-sectional",46,13,15,-0.112262067923756,-0.188463731170781,-0.0360604046767303,-0.111792828855568,-0.186263661980824,-0.0360447823865868,0.0074939071300796,"Cluster-robust CR1",0.280898380503676,1,16,0.603390921676808
"Inhibitory control","Design_group","Study design","Longitudinal",12,5,5,-0.124557320308106,-0.280293873283638,0.0311792326674246,-0.123917143567063,-0.273177045173189,0.0311691330210321,0.0905531304029559,"Cluster-robust CR1",0.280898380503676,1,16,0.603390921676808
"Inhibitory control","Adjustment_group","Adjustment status","Unadjusted",36,12,12,-0.152929230925165,-0.237394436979446,-0.0684640248708844,-0.151748076194472,-0.233033181021386,-0.068357254061441,0.00214036408314922,"Cluster-robust CR1",8.97579860456893,1,16,0.0085511894547142
"Inhibitory control","Adjustment_group","Adjustment status","Adjusted",22,8,10,-0.0258046206356597,-0.102462604705493,0.0508533634341731,-0.0257988945805668,-0.102105533327626,0.0508095720387082,0.452187655724057,"Cluster-robust CR1",8.97579860456893,1,16,0.0085511894547142
"Inhibitory control","Measurement_mode","Executive-function measurement","Performance task",49,15,17,-0.0629572769674069,-0.129659116208623,0.00374456227380911,-0.0628742290857288,-0.128937381702035,0.00374454477213946,0.062444512411115,"Cluster-robust CR1",99.9518977463666,1,16,0.000000027560670331767
"Inhibitory control","Measurement_mode","Executive-function measurement","Rating scale / report",9,6,6,-0.344453290097953,-0.480897347932608,-0.208009232263299,-0.331447291895433,-0.446961978419621,-0.205060223881818,0.00129619586977195,"Cluster-robust CR1",99.9518977463666,1,16,0.000000027560670331767
"Working memory","Age_stage","Developmental stage","Mixed / not reported",42,10,9,-0.149630783424649,-0.247789003325316,-0.051472563523982,-0.148523981549761,-0.242839170012414,-0.0514271540848991,0.00729316666847005,"Cluster-robust CR1",3.12834752000559,3,11,0.0697755820000223
"Working memory","Age_stage","Developmental stage","Early childhood",6,2,2,-0.0976165450405078,-0.331366502713267,0.136133412632252,-0.0973076599760299,-0.319748105449715,0.135298644800951,0.41307034478232,"Model-based",3.12834752000559,3,11,0.0697755820000223
"Working memory","Age_stage","Developmental stage","Adolescence",13,3,3,-0.223463946170143,-0.708367348809046,0.26143945646876,-0.219817130101607,-0.609652019169436,0.255641411304573,0.185858228474498,"Cluster-robust CR1",3.12834752000559,3,11,0.0697755820000223
"Working memory","Age_stage","Developmental stage","Middle childhood",12,1,3,-0.0535137600732891,-0.0976095023685058,-0.00941801777807248,-0.0534627356671549,-0.097300683984764,-0.00941773933151388,0.0173796879611488,"Model-based",3.12834752000559,3,11,0.0697755820000223
"Working memory","Region","Geographic region","Europe",42,7,10,-0.14310983293441,-0.22617957040166,-0.0600400954671588,-0.1421407873807,-0.222399988373631,-0.0599680549023216,0.00558926443204849,"Cluster-robust CR1",0.2320096379496,2,12,0.796413850791746
"Working memory","Region","Geographic region","North America",20,6,5,-0.167806802584351,-0.38761638861887,0.0520027834501673,-0.166249246535393,-0.369303519913631,0.0519559572419786,0.106954723912143,"Cluster-robust CR1",0.2320096379496,2,12,0.796413850791746
"Working memory","Region","Geographic region","Asia",11,2,2,-0.163431616082197,-0.481760263769466,0.154897031605073,-0.161991915494168,-0.447652238838147,0.153669987003854,0.314292485935454,"Model-based",0.2320096379496,2,12,0.796413850791746
"Working memory","Screen_type","Screen exposure type","Total / mixed exposure",19,7,10,-0.13085585327278,-0.218260894724686,-0.0434508118208742,-0.130114041068781,-0.214859862877269,-0.0434234878016178,0.0105376857718419,"Cluster-robust CR1",7.41429983045361,3,11,0.00546211166725757
"Working memory","Screen_type","Screen exposure type","Social media / multitasking",20,6,6,-0.214853111102302,-0.327337023204017,-0.102369199000588,-0.21160702965072,-0.316125948044928,-0.102013100546343,0.00443573695897524,"Cluster-robust CR1",7.41429983045361,3,11,0.00546211166725757
"Working memory","Screen_type","Screen exposure type","Interactive / gaming / apps",26,6,8,-0.0176634722519116,-0.0763820181327147,0.0410550736288915,-0.0176616354903156,-0.0762338209886442,0.0410320227999617,0.474313231377669,"Cluster-robust CR1",7.41429983045361,3,11,0.00546211166725757
"Working memory","Screen_type","Screen exposure type","Passive / background viewing",8,3,3,-0.14076186719409,-0.498966598483799,0.21744286409562,-0.13983949614038,-0.461304052969749,0.214079459445266,0.232944837433949,"Cluster-robust CR1",7.41429983045361,3,11,0.00546211166725757
"Working memory","Screen_feature","Screen exposure feature","Mixed / unspecified",16,6,9,-0.119992793089648,-0.214720706632922,-0.0252648795463743,-0.119420194409214,-0.21148055038418,-0.0252595052752855,0.0225408399899278,"Cluster-robust CR1",10.1751061966674,2,12,0.00260510155546139
"Working memory","Screen_feature","Screen exposure feature","Interactive / entertainment",46,12,14,-0.108927417979506,-0.206797506530747,-0.011057329428264,-0.108498638323665,-0.20389916291885,-0.0110568788105582,0.0322657148538073,"Cluster-robust CR1",10.1751061966674,2,12,0.00260510155546139
"Working memory","Screen_feature","Screen exposure feature","Passive",11,4,4,-0.143716939247905,-0.325004969240398,0.037571090744588,-0.14273557631602,-0.314025404567876,0.0375534224346623,0.0859577198956642,"Cluster-robust CR1",10.1751061966674,2,12,0.00260510155546139
"Working memory","Design_group","Study design","Cross-sectional",63,12,14,-0.123014987999736,-0.215415407348069,-0.0306145686514031,-0.122398205381197,-0.212144083698236,-0.0306050077157906,0.0136848712900806,"Cluster-robust CR1",0.506587133715097,1,13,0.489196334167488
"Working memory","Design_group","Study design","Longitudinal",10,3,3,-0.197497737710066,-0.620939425844507,0.225943950424375,-0.194969355361597,-0.551781772535951,0.222176010841196,0.182580747167637,"Cluster-robust CR1",0.506587133715097,1,13,0.489196334167488
"Working memory","Adjustment_group","Adjustment status","Unadjusted",39,10,10,-0.216217607465076,-0.307007452871084,-0.125427762059069,-0.212910050190909,-0.297712222927834,-0.124774126632962,0.000440225318712391,"Cluster-robust CR1",14.1415062999694,1,13,0.00237937293186202
"Working memory","Adjustment_group","Adjustment status","Adjusted",34,6,8,-0.0397503663490424,-0.111777418166121,0.0322766854680363,-0.0397294431661766,-0.111314210180212,0.0322654816873812,0.21521154607326,"Cluster-robust CR1",14.1415062999694,1,13,0.00237937293186202
"Working memory","Measurement_mode","Executive-function measurement","Performance task",64,13,15,-0.102223594129398,-0.185840952303194,-0.018606235955601,-0.101869008798125,-0.183730646559553,-0.0186040891427697,0.020652266234187,"Cluster-robust CR1",21.5214704357341,1,13,0.000463569604644446
"Working memory","Measurement_mode","Executive-function measurement","Rating scale / report",9,5,5,-0.253038250818862,-0.347920467067795,-0.158156034569929,-0.247772530873567,-0.334530019158317,-0.156850426298852,0.00177477191205747,"Cluster-robust CR1",21.5214704357341,1,13,0.000463569604644446
"Cognitive flexibility","Age_stage","Developmental stage","Mixed / not reported",17,6,6,-0.130897566623789,-0.293925140609914,0.0321300073623365,-0.130155048004197,-0.285743497023261,0.0321189555901776,0.0939582674116718,"Cluster-robust CR1",1.74615007678999,3,7,0.244520955346704
"Cognitive flexibility","Age_stage","Developmental stage","Early childhood",3,2,2,-0.0667906006222214,-0.153031427118166,0.0194502258737232,-0.0666914602496351,-0.151847917518128,0.0194477734981691,0.129033116276899,"Model-based",1.74615007678999,3,7,0.244520955346704
"Cognitive flexibility","Age_stage","Developmental stage","Adolescence",11,3,3,-0.0794493259476795,-0.251152929630824,0.0922542777354654,-0.0792825803908203,-0.246002126954048,0.0919934448361884,0.184748902676571,"Cluster-robust CR1",1.74615007678999,3,7,0.244520955346704
"Cognitive flexibility","Age_stage","Developmental stage","Middle childhood",6,1,3,-0.0775471698510676,-0.198982192434988,0.043887852732853,-0.0773920979096553,-0.196396967202945,0.0438596963234936,0.210710893969433,"Model-based",1.74615007678999,3,7,0.244520955346704
"Cognitive flexibility","Region","Geographic region","Europe",21,5,8,-0.078623089513751,-0.109961931757511,-0.0472842472699915,-0.0784614838539771,-0.10952085875043,-0.0472490393827971,0.00223300845241854,"Cluster-robust CR1",4.50445656529946,2,8,0.0489388427713461
"Cognitive flexibility","Region","Geographic region","North America",4,2,2,-0.0123432651629642,-0.1408644269018,0.116177896575872,-0.0123426383435265,-0.139940048841853,0.115658007121964,0.850691373790819,"Model-based",4.50445656529946,2,8,0.0489388427713461
"Cognitive flexibility","Region","Geographic region","Asia",12,4,4,-0.106254689446748,-0.252876289276614,0.0403669103831179,-0.105856613166692,-0.247620506249772,0.0403449988734787,0.104386301391459,"Cluster-robust CR1",4.50445656529946,2,8,0.0489388427713461
"Cognitive flexibility","Screen_type","Screen exposure type","Social media / multitasking",14,4,4,-0.100681834701645,-0.217291927492604,0.0159282580893137,-0.100343010202281,-0.213935435616358,0.0159269111763718,0.0708762640092559,"Cluster-robust CR1",3.18843548245168,3,7,0.0934305169927193
"Cognitive flexibility","Screen_type","Screen exposure type","Passive / background viewing",4,2,2,-0.066735080363862,-0.10520371277794,-0.0282664479497843,-0.0666361867269472,-0.10481729810166,-0.0282589221323249,0.00067353804019932,"Model-based",3.18843548245168,3,7,0.0934305169927193
"Cognitive flexibility","Screen_type","Screen exposure type","Interactive / gaming / apps",14,6,9,-0.0614601485740496,-0.149847849392669,0.02692755224457,-0.0613828798257947,-0.148736252331768,0.0269210458044995,0.133904480641296,"Cluster-robust CR1",3.18843548245168,3,7,0.0934305169927193
"Cognitive flexibility","Screen_type","Screen exposure type","Total / mixed exposure",5,2,5,-0.0865393154154042,-0.216115909067873,0.0430372782370648,-0.086323928101392,-0.212812959750242,0.0430107265879882,0.190539107623084,"Model-based",3.18843548245168,3,7,0.0934305169927193
"Cognitive flexibility","Screen_feature","Screen exposure feature","Interactive / entertainment",28,10,13,-0.0750450352004635,-0.138247609629381,-0.0118424607715464,-0.0749044733608951,-0.137373543280865,-0.0118419071917298,0.024958521531341,"Cluster-robust CR1",5.00424179937245,2,8,0.038944969611541
"Cognitive flexibility","Screen_feature","Screen exposure feature","Passive",4,2,2,-0.066735080363862,-0.10520371277794,-0.0282664479497843,-0.0666361867269472,-0.10481729810166,-0.0282589221323249,0.00067353804019932,"Model-based",5.00424179937245,2,8,0.038944969611541
"Cognitive flexibility","Screen_feature","Screen exposure feature","Mixed / unspecified",5,2,5,-0.0865393154154042,-0.216115909067873,0.0430372782370648,-0.086323928101392,-0.212812959750242,0.0430107265879882,0.190539107623084,"Model-based",5.00424179937245,2,8,0.038944969611541
"Cognitive flexibility","Design_group","Study design","Cross-sectional",33,9,12,-0.0593141519977423,-0.118257958851656,-0.0003703451438287,-0.0592446906838484,-0.117709748315049,-0.000370345126897073,0.0488818093213012,"Cluster-robust CR1",5.73496454390614,1,9,0.0402409016675465
"Cognitive flexibility","Design_group","Study design","Longitudinal",4,2,2,-0.167783482720163,-0.398064430298935,0.0624974648586079,-0.16622657111664,-0.378291596959791,0.062416221482885,0.15328137180885,"Model-based",5.73496454390614,1,9,0.0402409016675465
"Cognitive flexibility","Adjustment_group","Adjustment status","Unadjusted",25,8,8,-0.0880817223012938,-0.125726577180374,-0.0504368674222137,-0.0878546362254574,-0.125068278650311,-0.0503941424908135,0.000875675461331728,"Cluster-robust CR1",3.01568126115285,1,9,0.116476925005504
"Cognitive flexibility","Adjustment_group","Adjustment status","Adjusted",12,3,6,-0.0243153016247881,-0.203532254150044,0.154901650900468,-0.0243105107476493,-0.200767589160269,0.153674497213859,0.618445486180997,"Cluster-robust CR1",3.01568126115285,1,9,0.116476925005504
"Cognitive flexibility","Measurement_mode","Executive-function measurement","Rating scale / report",8,5,5,-0.258978947577104,-0.427987161544268,-0.0899707336099403,-0.253340260098325,-0.403637778902691,-0.089728754064347,0.0131112227689384,"Cluster-robust CR1",21.8067916573612,1,9,0.00116896324512604
"Cognitive flexibility","Measurement_mode","Executive-function measurement","Performance task",29,9,12,-0.0242123168566063,-0.07932649410619,0.0309018603929774,-0.0242075865862432,-0.0791605194487538,0.0308920278292758,0.340689345265899,"Cluster-robust CR1",21.8067916573612,1,9,0.00116896324512604
